,Sample Name,Total_wt%,Total_Oxide%,Al2O3,CaO,Cr2O3,FeOt,MgO,MnO,NiO,SiO2,TiO2,Oxide % Sigma_Al2O3,Oxide % Sigma_CaO,Oxide % Sigma_Cr2O3,Oxide % Sigma_FeOt,Oxide % Sigma_MgO,Oxide % Sigma_MnO,Oxide % Sigma_NiO,Oxide % Sigma_SiO2,Oxide % Sigma_TiO2,Al2O3_norm,CaO_norm,Cr2O3_norm,FeOt_norm,MgO_norm,MnO_norm,NiO_norm,SiO2_norm,TiO2_norm,Wt%_Al,Wt%_Ca,Wt%_Cr,Wt%_Fe,Wt%_Mg,Wt%_Mn,Wt%_Ni,Wt%_O,Wt%_Si,Wt%_Ti,Wt% Sigma_Al,Wt% Sigma_Ca,Wt% Sigma_Cr,Wt% Sigma_Fe,Wt% Sigma_Mg,Wt% Sigma_Mn,Wt% Sigma_Ni,Wt% Sigma_Si,Wt% Sigma_Ti,Atomic %_Al,Atomic %_Ca,Atomic %_Cr,Atomic %_Fe,Atomic %_Mg,Atomic %_Mn,Atomic %_Ni,Atomic %_O,Atomic %_Si,Atomic %_Ti,Beam Current (nA)_Ni,Intensity Correction_Al,Intensity Correction_Ca,Intensity Correction_Cr,Intensity Correction_Fe,Intensity Correction_Mg,Intensity Correction_Mn,Intensity Correction_Ni,Intensity Correction_Si,Intensity Correction_Ti,Oxide_Al2O3,Oxide_CaO,Oxide_Cr2O3,Oxide_FeOt,Oxide_MgO,Oxide_MnO,Oxide_NiO,Oxide_SiO2,Oxide_TiO2,Signal Type_Al,Signal Type_Ca,Signal Type_Cr,Signal Type_Fe,Signal Type_Mg,Signal Type_Mn,Signal Type_Ni,Signal Type_Si,Signal Type_Ti,Standard Name_Al,Standard Name_Ca,Standard Name_Cr,Standard Name_Fe,Standard Name_Mg,Standard Name_Mn,Standard Name_Ni,Standard Name_Si,Standard Name_Ti,Standardization Date_Fe,Standardization Date_Mg,Standardization Date_Ni,Standardization Date_Si,k Ratio_Al,k Ratio_Ca,k Ratio_Cr,k Ratio_Fe,k Ratio_Mg,k Ratio_Mn,k Ratio_Ni,k Ratio_Si,k Ratio_Ti,Apparent Concentration_Mg,Apparent Concentration_Si,Apparent Concentration_Ca,Apparent Concentration_Mn,Apparent Concentration_Fe,Apparent Concentration_Ni,Apparent Concentration_Al,Apparent Concentration_Ti,Apparent Concentration_Cr,Factory Standard_Mg,Factory Standard_Si,Factory Standard_Ca,Factory Standard_Mn,Factory Standard_Fe,Factory Standard_Ni,Factory Standard_Al,Factory Standard_Ti,Factory Standard_Cr,Line_O,Line_Mg,Line_Si,Line_Ca,Line_Mn,Line_Fe,Line_Ni,Line_Al,Line_Ti,Line_Cr,SampleID,Fo
0,SanCarlos1_1,99.5029,99.5029,,0.0363,,9.8525,48.5695,0.1194,0.379,40.5462,,,0.0701,,0.2541,0.3911,0.1078,0.0105,0.4275,,0.0,0.03648134878480929,0.0,9.901721457364559,48.81214517365826,0.11999650261449667,0.38089342119676917,40.74876209638111,0.0,,0.0259,,7.6585,29.2928,0.0925,0.2978,43.1822,18.9532,,,0.0501,,0.1975,0.2359,0.0835,0.0082,0.1998,,,0.0137,,2.9033,25.5091,0.0356,0.1074,57.1436,14.2872,,100.098,,0.947,,0.92,0.867,0.819,0.877,1.005,,,CaO,,FeO,MgO,MnO,NiO,SiO2,,,EDS,,EDS,EDS,EDS,WDS,EDS,,,Wollastonite,,Fayalite,Forsterite,Mn,UCB Standard Block 2 - NiO,Forsterite,,2024-06-08 17:20:33,2024-06-08 17:20:18,2024-06-08 10:44:59,2024-06-08 17:20:22,,0.00022,,0.06407,0.1468,0.00076,0.00249,0.09877,,25.39,19.05,0.02,0.08,7.05,0.26,,,,No,No,Yes,Yes,No,No,,,,K series,K series,K series,K series,K series,K series,Kα,,,,SanCarlos1_1,0.8978267289252349
1,SanCarlos1_2,99.871,99.871,,0.1326,,9.6518,48.598,0.2015,0.3608,40.9263,,,0.0699,,0.2547,0.3905,0.1043,0.0104,0.4302,,0.0,0.1327712749446786,0.0,9.664266904306555,48.66077239639134,0.20176027074926656,0.36126603318280576,40.97916312042534,0.0,,0.0948,,7.5025,29.31,0.1561,0.2835,43.3934,19.1308,,,0.05,,0.198,0.2355,0.0808,0.0082,0.2011,,,0.0499,,2.8322,25.4161,0.0599,0.1018,57.1801,14.3601,,100.029,,0.947,,0.92,0.868,0.819,0.877,1.007,,,CaO,,FeO,MgO,MnO,NiO,SiO2,,,EDS,,EDS,EDS,EDS,WDS,EDS,,,Wollastonite,,Fayalite,Forsterite,Mn,UCB Standard Block 2 - NiO,Forsterite,,2024-06-08 17:20:33,2024-06-08 17:20:18,2024-06-08 10:44:59,2024-06-08 17:20:22,,0.0008,,0.06274,0.14712,0.00128,0.00237,0.09986,,25.45,19.26,0.09,0.13,6.9,0.25,,,,No,No,Yes,Yes,No,No,,,,K series,K series,K series,K series,K series,K series,Kα,,,,SanCarlos1_2,0.8997522124174169
2,SanCarlos1_3,99.0721,99.0721,,-0.0207,,9.5304,48.3042,0.186,0.3784,40.6938,,,0.07,,0.252,0.389,0.1073,0.0105,0.4273,,0.0,0.0,0.0,9.617651332891995,48.74642759110652,0.1877028401659858,0.381864272681769,41.06635396315373,0.0,,-0.0148,,7.4082,29.1328,0.144,0.2974,43.0825,19.0222,,,0.05,,0.1959,0.2346,0.0831,0.0082,0.1997,,,-0.0078,,2.8173,25.4502,0.0557,0.1076,57.1923,14.3847,,100.011,,0.947,,0.92,0.869,0.819,0.877,1.007,,,CaO,,FeO,MgO,MnO,NiO,SiO2,,,EDS,,EDS,EDS,EDS,WDS,EDS,,,Wollastonite,,Fayalite,Forsterite,Mn,UCB Standard Block 2 - NiO,Forsterite,,2024-06-08 17:20:33,2024-06-08 17:20:18,2024-06-08 10:44:59,2024-06-08 17:20:22,,-0.00013,,0.06195,0.14636,0.00118,0.00249,0.09927,,25.32,19.15,-0.01,0.12,6.82,0.26,,,,No,No,Yes,Yes,No,No,,,,K series,K series,K series,K series,K series,K series,Kα,,,,SanCarlos1_3,0.9003454018998386
3,SanCarlos1_4,100.5117,100.5117,,0.038,,16.52,43.7118,0.3233,0.0118,39.9068,,,0.0698,,0.3162,0.388,0.1156,0.0083,0.4281,,0.0,0.03780654391478803,0.0,16.4358975124289,43.48926542880083,0.32165409599081496,0.011739926794592074,39.703636492070075,0.0,,0.0271,,12.8412,26.363,0.2504,0.0093,42.3663,18.6543,,,0.0499,,0.2458,0.234,0.0895,0.0065,0.2001,,,0.0146,,4.9641,23.4106,0.0984,0.0034,57.1696,14.3392,,100.061,,0.958,,0.928,0.804,0.826,0.878,1.011,,,CaO,,FeO,MgO,MnO,NiO,SiO2,,,EDS,,EDS,EDS,EDS,WDS,EDS,,,Wollastonite,,Fayalite,Forsterite,Mn,UCB Standard Block 2 - NiO,Forsterite,,2024-06-08 17:20:33,2024-06-08 17:20:18,2024-06-08 10:44:59,2024-06-08 17:20:22,,0.00023,,0.10827,0.12255,0.00207,8e-05,0.09776,,21.2,18.86,0.03,0.21,11.91,0.01,,,,No,No,Yes,Yes,No,No,,,,K series,K series,K series,K series,K series,K series,Kα,,,,SanCarlos1_4,0.8250700636090923
4,Springwater1_1,99.11,99.11,,0.0042,,17.0157,43.0046,0.2564,0.0092,38.8198,,,0.0691,,0.3158,0.3864,0.1137,0.0071,0.4216,,0.0,0.004237719945232515,0.0,17.168516969545927,43.3908217039872,0.25870271284705165,0.009282624641937888,39.16843826903266,0.0,,0.003,,13.2266,25.9365,0.1986,0.0073,41.5919,18.1461,,,0.0494,,0.2454,0.2331,0.0881,0.0056,0.1971,,,0.0017,,5.2015,23.43,0.0794,0.0027,57.0949,14.1898,,100.054,,0.96,,0.928,0.798,0.826,0.878,1.009,,,CaO,,FeO,MgO,MnO,NiO,SiO2,,,EDS,,EDS,EDS,EDS,WDS,EDS,,,Wollastonite,,Fayalite,Forsterite,Mn,UCB Standard Block 2 - NiO,Forsterite,,2024-06-08 17:20:33,2024-06-08 17:20:18,2024-06-08 10:44:59,2024-06-08 17:20:22,,3e-05,,0.11163,0.11971,0.00164,6e-05,0.09487,,20.71,18.3,0.0,0.16,12.28,0.01,,,,No,No,Yes,Yes,No,No,,,,K series,K series,K series,K series,K series,K series,Kα,,,,Springwater1_1,0.8183498123625265
5,Springwater1_2,98.1049,98.1049,,-0.0561,,16.5103,42.4032,0.374,0.01,38.8634,,,0.0666,,0.3125,0.3831,0.1155,0.0077,0.42,,0.0,0.0,0.0,16.819629811870104,43.1976479433257,0.3810071016056291,0.010187355657904523,39.591527787540656,0.0,,-0.0401,,12.8337,25.5738,0.2897,0.0078,41.2733,18.1665,,,0.0476,,0.2429,0.2311,0.0895,0.0061,0.1963,,,-0.0222,,5.0924,23.3099,0.1168,0.003,57.1667,14.3334,,100.028,,0.959,,0.928,0.8,0.826,0.878,1.011,,,CaO,,FeO,MgO,MnO,NiO,SiO2,,,EDS,,EDS,EDS,EDS,WDS,EDS,,,Wollastonite,,Fayalite,Forsterite,Mn,UCB Standard Block 2 - NiO,Forsterite,,2024-06-08 17:20:33,2024-06-08 17:20:18,2024-06-08 10:44:59,2024-06-08 17:20:22,,-0.00034,,0.10828,0.11831,0.00239,7e-05,0.0952,,20.46,18.36,-0.04,0.24,11.91,0.01,,,,No,No,Yes,Yes,No,No,,,,K series,K series,K series,K series,K series,K series,Kα,,,,Springwater1_2,0.8207262806501525
6,Springwater1_3,99.9566,99.9566,0.9955,1.3316,0.631,15.0677,26.2158,0.492,0.1921,54.888,0.1429,0.0388,0.0284,0.0354,0.0905,0.0932,0.0363,0.0418,0.1394,0.0309,0.9959322345898118,1.3321781653237503,0.6312739729042404,15.074242221123967,26.227182597247207,0.49221362071138863,0.1921834075988979,54.91183173497297,0.14296204552775904,0.5269,0.9517,0.4318,11.7124,15.8111,0.381,0.151,44.2481,25.6571,0.0857,0.0205,0.0203,0.0243,0.0703,0.0562,0.0281,0.0328,0.0652,0.0186,0.4243,0.516,0.1804,4.5571,14.1313,0.1507,0.0559,60.0956,19.8499,0.0389,,0.623,0.955,0.861,0.924,0.784,0.823,0.835,1.12,0.827,Al2O3,CaO,Cr2O3,FeO,MgO,MnO,NiO,SiO2,TiO2,EDS,EDS,EDS,EDS,EDS,EDS,EDS,EDS,EDS,Al2O3,Wollastonite,Cr,Fayalite,Forsterite,Mn,Ni,Forsterite,Ti,2024-06-08 17:20:33,2024-06-08 17:20:18,,2024-06-08 17:20:22,0.00236,0.00812,0.00372,0.09841,0.07167,0.00314,0.00126,0.14899,0.00071,12.4,28.74,0.91,0.31,10.83,0.13,0.33,0.07,0.37,No,No,Yes,Yes,No,Yes,Yes,Yes,Yes,K series,K series,K series,K series,K series,K series,K series,K series,K series,K series,Springwater1_3,0.7561792929713915
7,Jhyp1_1,100.061,100.061,0.9956,1.2352,0.6554,14.9359,26.5215,0.5122,0.149,54.947,0.1093,0.039,0.0282,0.0353,0.0903,0.0935,0.0364,0.0416,0.1395,0.0312,0.9949920598514308,1.2344457536445232,0.6549997951251785,14.92677973758034,26.505305258487066,0.5118872368982552,0.148909016590863,54.91344788334328,0.1092332584790693,0.5269,0.8828,0.4484,11.6099,15.9954,0.3967,0.1171,44.3336,25.6847,0.0655,0.0206,0.0202,0.0242,0.0702,0.0564,0.0282,0.0327,0.0652,0.0187,0.4234,0.4776,0.187,4.5074,14.2651,0.1566,0.0432,60.0816,19.8284,0.0297,,0.623,0.954,0.861,0.924,0.786,0.823,0.835,1.119,0.827,Al2O3,CaO,Cr2O3,FeO,MgO,MnO,NiO,SiO2,TiO2,EDS,EDS,EDS,EDS,EDS,EDS,EDS,EDS,EDS,Al2O3,Wollastonite,Cr,Fayalite,Forsterite,Mn,Ni,Forsterite,Ti,2024-06-08 17:20:33,2024-06-08 17:20:18,,2024-06-08 17:20:22,0.00236,0.00753,0.00386,0.09752,0.0727,0.00326,0.00098,0.14904,0.00054,12.57,28.75,0.84,0.33,10.73,0.1,0.33,0.05,0.39,No,No,Yes,Yes,No,Yes,Yes,Yes,Yes,K series,K series,K series,K series,K series,K series,K series,K series,K series,K series,Jhyp1_1,0.7599169911543662
8,Jhyp1_2,100.2552,100.2552,1.0223,1.3738,0.729,14.8907,26.7172,0.5923,0.2089,54.721,,0.0388,0.0287,0.0353,0.0902,0.0939,0.0366,0.0415,0.1395,,1.0196977313894942,1.3703029867777434,0.7271443276757714,14.852795665461743,26.649191263894544,0.5907922980553628,0.20836824424069778,54.58170748250465,0.0,0.541,0.9819,0.4988,11.5747,16.1134,0.4587,0.1642,44.3433,25.5791,,0.0205,0.0205,0.0242,0.0701,0.0566,0.0283,0.0326,0.0652,,0.4342,0.5305,0.2077,4.4883,14.353,0.1808,0.0606,60.0219,19.7229,,,0.621,0.955,0.861,0.924,0.785,0.823,0.835,1.117,,Al2O3,CaO,Cr2O3,FeO,MgO,MnO,NiO,SiO2,,EDS,EDS,EDS,EDS,EDS,EDS,EDS,EDS,,Al2O3,Wollastonite,Cr,Fayalite,Forsterite,Mn,Ni,Forsterite,,2024-06-08 17:20:33,2024-06-08 17:20:18,,2024-06-08 17:20:22,0.00241,0.00837,0.00429,0.09724,0.07313,0.00378,0.00137,0.14816,,12.65,28.58,0.94,0.38,10.7,0.14,0.34,,0.43,No,No,Yes,Yes,No,Yes,Yes,,Yes,K series,K series,K series,K series,K series,K series,K series,K series,,K series,Jhyp1_2,0.761806125375942
9,Jhyp1_3,98.6361,98.6361,,0.0916,,9.6417,48.1214,0.1581,0.3744,40.2488,,,0.0212,,0.0755,0.116,0.0317,0.0102,0.1272,,0.0,0.09286670181272556,0.0,9.775031428687294,48.78685267042459,0.16028630520296847,0.37957743623017964,40.80538545764224,0.0,,0.0655,,7.4946,29.0226,0.1224,0.2942,42.8226,18.8141,,,0.0151,,0.0587,0.07,0.0246,0.008,0.0595,,,0.0349,,2.8655,25.4897,0.0476,0.107,57.1518,14.3036,,99.915,,0.947,,0.92,0.867,0.819,0.877,1.006,,,CaO,,FeO,MgO,MnO,NiO,SiO2,,,EDS,,EDS,EDS,EDS,WDS,EDS,,,Wollastonite,,Fayalite,Forsterite,Mn,UCB Standard Block 2 - NiO,Forsterite,,2024-06-08 17:20:33,2024-06-08 17:20:18,2024-06-08 10:44:59,2024-06-08 17:20:22,,0.00055,,0.06269,0.14556,0.001,0.00246,0.09809,,25.18,18.92,0.06,0.1,6.9,0.26,,,,No,No,Yes,Yes,No,No,,,,K series,K series,K series,K series,K series,K series,Kα,,,,Jhyp1_3,0.8989549078169043
10,SanCarlos1_4,99.1336,99.1336,,,,16.5715,43.0028,0.3743,,39.185,,,,,0.0997,0.122,0.0362,,0.1333,,0.0,0.0,0.0,16.71633028559439,43.37863247173511,0.3775712775486817,0.0,39.52746596512181,0.0,,,,12.8813,25.9355,0.2899,,41.7101,18.3169,,,,,0.0775,0.0736,0.0281,,0.0623,,,,,5.056,23.3844,0.1157,,57.148,14.296,,,,,,0.928,0.801,0.826,,1.011,,,,,FeO,MgO,MnO,,SiO2,,,,,EDS,EDS,EDS,,EDS,,,,,Fayalite,Forsterite,Mn,,Forsterite,,2024-06-08 17:20:33,2024-06-08 17:20:18,,2024-06-08 17:20:22,,,,0.10866,0.12016,0.00239,,0.09593,,20.78,18.5,,0.24,11.95,,,,,No,No,,Yes,No,,,,,K series,K series,K series,,K series,K series,,,,,SanCarlos1_4,0.8222428264088772
11,Springwater1_4,99.181,99.181,,,,16.6304,43.123,0.3155,-0.0021,39.1142,,,,,0.0939,0.115,0.0339,0.0073,0.1257,,0.0,0.0,0.0,16.767372667319332,43.47817319684503,0.31809854703069373,0.0,39.43635558880494,0.0,,,,12.9271,26.008,0.2443,-0.0017,41.7195,18.2838,,,,,0.073,0.0693,0.0262,0.0057,0.0588,,,,,5.0714,23.4376,0.0974,-0.0006,57.1314,14.2628,,99.849,,,,0.928,0.801,0.826,0.878,1.01,,,,,FeO,MgO,MnO,NiO,SiO2,,,,,EDS,EDS,EDS,WDS,EDS,,,,,Fayalite,Forsterite,Mn,UCB Standard Block 2 - NiO,Forsterite,,2024-06-08 17:20:33,2024-06-08 17:20:18,2024-06-08 10:44:59,2024-06-08 17:20:22,,,,0.10904,0.12052,0.00202,-1e-05,0.0957,,20.84,18.46,,0.2,12.0,0.0,,,,No,No,,Yes,No,No,,,,K series,K series,K series,,K series,K series,Kα,,,,Springwater1_4,0.8221321967216647
12,Springwater1_5,99.181,99.181,,,,16.6304,43.123,0.3155,-0.0021,39.1142,,,,,0.0939,0.115,0.0339,0.0073,0.1257,,0.0,0.0,0.0,16.767372667319332,43.47817319684503,0.31809854703069373,0.0,39.43635558880494,0.0,,,,12.9271,26.008,0.2443,-0.0017,41.7195,18.2838,,,,,0.073,0.0693,0.0262,0.0057,0.0588,,,,,5.0714,23.4376,0.0974,-0.0006,57.1314,14.2628,,99.849,,,,0.928,0.801,0.826,0.878,1.01,,,,,FeO,MgO,MnO,NiO,SiO2,,,,,EDS,EDS,EDS,WDS,EDS,,,,,Fayalite,Forsterite,Mn,UCB Standard Block 2 - NiO,Forsterite,,2024-06-08 17:20:33,2024-06-08 17:20:18,2024-06-08 10:44:59,2024-06-08 17:20:22,,,,0.10904,0.12052,0.00202,-1e-05,0.0957,,20.84,18.46,,0.2,12.0,0.0,,,,No,No,,Yes,No,No,,,,K series,K series,K series,,K series,K series,Kα,,,,Springwater1_5,0.8221321967216647
13,K24_1_FIA,100.0599,100.0599,,0.2467,,12.8475,46.3146,0.2098,0.3463,40.0949,,,0.0223,,0.0844,0.1165,0.0322,0.01,0.1271,,0.0,0.2465525615681822,0.0,12.839821786571628,46.28692042158789,0.20967461458048084,0.34609303636425415,40.07093757932756,0.0,,0.1763,,9.9866,27.9328,0.1625,0.2721,42.7873,18.7422,,,0.0159,,0.0656,0.0703,0.0249,0.0079,0.0594,,,0.094,,3.8198,24.5423,0.0632,0.099,57.1272,14.2545,,100.047,,0.953,,0.924,0.835,0.822,0.878,1.008,,,CaO,,FeO,MgO,MnO,NiO,SiO2,,,EDS,,EDS,EDS,EDS,WDS,EDS,,,Wollastonite,,Fayalite,Forsterite,Mn,UCB Standard Block 2 - NiO,Forsterite,,2024-06-08 17:20:33,2024-06-08 17:20:18,2024-06-08 10:44:59,2024-06-08 17:20:22,,0.0015,,0.08387,0.13488,0.00134,0.00228,0.0979,,23.33,18.88,0.17,0.13,9.23,0.24,,,,No,No,Yes,Yes,No,No,,,,K series,K series,K series,K series,K series,K series,Kα,,,,K24_1_FIA,0.8653370930640264
14,K24_21_FIA,99.1253,99.1253,,0.2211,,11.1674,47.1688,0.15,0.4243,39.9937,,,0.0237,,0.0853,0.1241,0.0344,0.0107,0.1355,,0.0,0.22305102733610896,0.0,11.265943205216026,47.58502622438469,0.15132362777212277,0.4280441017580779,40.346611813532974,0.0,,0.158,,8.6806,28.448,0.1162,0.3334,42.6942,18.6949,,,0.0169,,0.0663,0.0748,0.0266,0.0084,0.0633,,,0.0844,,3.3273,25.0482,0.0453,0.1216,57.1244,14.2488,,99.41,,0.95,,0.922,0.851,0.821,0.877,1.006,,,CaO,,FeO,MgO,MnO,NiO,SiO2,,,EDS,,EDS,EDS,EDS,WDS,EDS,,,Wollastonite,,Fayalite,Forsterite,Mn,UCB Standard Block 2 - NiO,Forsterite,,2024-06-08 17:20:33,2024-06-08 17:20:18,2024-06-08 10:44:59,2024-06-08 17:20:22,,0.00134,,0.07276,0.13993,0.00095,0.00279,0.09752,,24.2,18.81,0.15,0.1,8.0,0.29,,,,No,No,Yes,Yes,No,No,,,,K series,K series,K series,K series,K series,K series,Kα,,,,K24_21_FIA,0.8827537951265841
15,K24_22_FIA,99.1548,99.1548,,0.2268,,11.4368,46.8902,0.1788,0.3983,40.0239,,,0.0237,,0.086,0.1238,0.0341,0.0106,0.1354,,0.0,0.22873325345822895,0.0,11.53428780048974,47.289894185657175,0.18032409928717522,0.4016951272152231,40.365065533892455,0.0,,0.1621,,8.89,28.28,0.1385,0.313,42.6622,18.709,,,0.0169,,0.0669,0.0747,0.0264,0.0083,0.0633,,,0.0867,,3.4109,24.9243,0.054,0.1142,57.1367,14.2733,,99.328,,0.951,,0.922,0.848,0.821,0.877,1.007,,,CaO,,FeO,MgO,MnO,NiO,SiO2,,,EDS,,EDS,EDS,EDS,WDS,EDS,,,Wollastonite,,Fayalite,Forsterite,Mn,UCB Standard Block 2 - NiO,Forsterite,,2024-06-08 17:20:33,2024-06-08 17:20:18,2024-06-08 10:44:59,2024-06-08 17:20:22,,0.00138,,0.07454,0.13865,0.00114,0.00262,0.09766,,23.98,18.84,0.15,0.11,8.2,0.27,,,,No,No,Yes,Yes,No,No,,,,K series,K series,K series,K series,K series,K series,Kα,,,,K24_22_FIA,0.8796382476080885
16,K24_23_FIA,100.6798,100.6798,,0.2344,,14.7063,45.0719,0.2087,0.3427,40.1158,,,0.0236,,0.0941,0.1224,0.0344,0.0103,0.1336,,0.0,0.2328173079406196,0.0,14.607001603102109,44.767570058740674,0.20729083689081618,0.3403860555940715,39.8449341377317,0.0,,0.1675,,11.4314,27.1833,0.1616,0.2693,42.7146,18.752,,,0.0169,,0.0732,0.0738,0.0266,0.0081,0.0624,,,0.0895,,4.3812,23.932,0.063,0.0982,57.1454,14.2907,,99.318,,0.956,,0.926,0.817,0.824,0.878,1.009,,,CaO,,FeO,MgO,MnO,NiO,SiO2,,,EDS,,EDS,EDS,EDS,WDS,EDS,,,Wollastonite,,Fayalite,Forsterite,Mn,UCB Standard Block 2 - NiO,Forsterite,,45451.722604166665,2024-06-08 17:20:18,2024-06-08 10:44:59,2024-06-08 17:20:22,,0.00143,,0.09624,0.12851,0.00133,0.00225,0.09811,,22.23,18.92,0.16,0.13,10.59,0.24,,,,No,No,Yes,Yes,No,No,,,,K series,K series,K series,K series,K series,K series,Kα,,,,K24_23_FIA,0.8452758901322714
17,K24_24_FIAB,100.6332,100.6332,,0.31,,16.0959,43.9841,0.1784,0.2382,39.8266,,,0.0243,,0.0991,0.1237,0.0353,0.0096,0.1354,,0.0,0.30804943100288973,0.0,15.994622053159397,43.70734509088452,0.17727747900295332,0.23670120795125266,39.57600473799899,0.0,,0.2216,,12.5116,26.5273,0.1381,0.1872,42.4306,18.6168,,,0.0174,,0.077,0.0746,0.0274,0.0076,0.0633,,,0.1191,,4.8269,23.5088,0.0542,0.0687,57.1407,14.2815,,99.296,,0.958,,0.927,0.806,0.825,0.878,1.011,,,CaO,,FeO,MgO,MnO,NiO,SiO2,,,EDS,,EDS,EDS,EDS,WDS,EDS,,,Wollastonite,,Fayalite,Forsterite,Mn,UCB Standard Block 2 - NiO,Forsterite,,45451.722604166665,2024-06-08 17:20:18,2024-06-08 10:44:59,2024-06-08 17:20:22,,0.0019,,0.10548,0.12358,0.00114,0.00157,0.0975,,21.37,18.81,0.21,0.11,11.6,0.16,,,,No,No,Yes,Yes,No,No,,,,K series,K series,K series,K series,K series,K series,Kα,,,,K24_24_FIAB,0.8296713823510946
18,K24_25_FIA,98.8411,98.8411,,0.2661,,12.9284,45.4613,0.2426,0.3568,39.5859,,,0.0238,,0.0902,0.1232,0.0345,0.0105,0.1346,,0.0,0.26921999046955164,0.0,13.079983933808908,45.99432827032479,0.24544445579824584,0.36098343705199554,40.050039912546495,0.0,,0.1902,,10.0494,27.4182,0.1879,0.2804,42.2107,18.5043,,,0.017,,0.0701,0.0743,0.0267,0.0082,0.0629,,,0.1028,,3.8968,24.4219,0.0741,0.1034,57.1337,14.2674,,99.292,,0.953,,0.924,0.832,0.822,0.878,1.008,,,CaO,,FeO,MgO,MnO,NiO,SiO2,,,EDS,,EDS,EDS,EDS,WDS,EDS,,,Wollastonite,,Fayalite,Forsterite,Mn,UCB Standard Block 2 - NiO,Forsterite,,45451.722604166665,2024-06-08 17:20:18,2024-06-08 10:44:59,2024-06-08 17:20:22,,0.00162,,0.08444,0.13191,0.00155,0.00235,0.0967,,22.82,18.65,0.18,0.15,9.29,0.25,,,,No,No,Yes,Yes,No,No,,,,K series,K series,K series,K series,K series,K series,Kα,,,,K24_25_FIA,0.8624122406332869
19,K24_26_FIA,100.007,100.007,,0.2149,,11.2024,47.5462,0.2014,0.3948,40.4472,,,0.0237,,0.0858,0.1252,0.0346,0.0105,0.1368,,0.0,0.2148851729230683,0.0,11.201627087730946,47.54291953855183,0.20138610435879922,0.39477276067951306,40.44440933575583,0.0,,0.1536,,8.7078,28.6757,0.156,0.3103,43.0968,18.9069,,,0.0169,,0.0667,0.0755,0.0268,0.0083,0.0639,,,0.0813,,3.3075,25.0195,0.0602,0.1121,57.1398,14.2796,,99.544,,0.95,,0.922,0.851,0.82,0.877,1.007,,,CaO,,FeO,MgO,MnO,NiO,SiO2,,,EDS,,EDS,EDS,EDS,WDS,EDS,,,Wollastonite,,Fayalite,Forsterite,Mn,UCB Standard Block 2 - NiO,Forsterite,,45451.722604166665,2024-06-08 17:20:18,45451.447905092595,2024-06-08 17:20:22,,0.0013,,0.07298,0.14115,0.00128,0.0026,0.09868,,24.41,19.03,0.15,0.13,8.03,0.27,,,,No,No,Yes,Yes,No,No,,,,K series,K series,K series,K series,K series,K series,Kα,,,,K24_26_FIA,0.8832538047200794
20,K24_27_FIA,100.078,100.078,,0.2576,,11.3112,47.5274,0.1729,0.4023,40.4067,,,0.0216,,0.0785,0.1136,0.0312,0.0105,0.1241,,0.0,0.257398971403334,0.0,11.302372846806644,47.49031006783702,0.17276507047995518,0.4019860488958124,40.37516699457724,0.0,,0.1841,,8.7923,28.6643,0.1339,0.3161,43.0993,18.8879,,,0.0154,,0.061,0.0685,0.0242,0.0082,0.058,,,0.0974,,3.3389,25.0044,0.0517,0.1142,57.1312,14.2623,,99.806,,0.95,,0.922,0.85,0.82,0.877,1.007,,,CaO,,FeO,MgO,MnO,NiO,SiO2,,,EDS,,EDS,EDS,EDS,WDS,EDS,,,Wollastonite,,Fayalite,Forsterite,Mn,UCB Standard Block 2 - NiO,Forsterite,,45451.722604166665,2024-06-08 17:20:18,45451.447905092595,2024-06-08 17:20:22,,0.00156,,0.0737,0.14093,0.0011,0.00265,0.09857,,24.38,19.01,0.17,0.11,8.11,0.28,,,,No,No,Yes,Yes,No,No,,,,K series,K series,K series,K series,K series,K series,Kα,,,,K24_27_FIA,0.8822123603377203
21,K24_28_FIA,100.2007,100.2007,,0.2513,,11.2243,47.6841,0.1364,0.3749,40.5297,,,0.024,,0.0859,0.1247,0.0345,0.0106,0.1366,,0.0,0.2507966511211998,0.0,11.201817951371599,47.58858970047116,0.13612679352539456,0.37414908279083886,40.44851982071982,0.0,,0.1796,,8.7248,28.7588,0.1056,0.2946,43.1918,18.9454,,,0.0172,,0.0668,0.0752,0.0267,0.0083,0.0639,,,0.0948,,3.3066,25.0363,0.0407,0.1062,57.1385,14.2769,,99.627,,0.95,,0.922,0.852,0.82,0.877,1.007,,,CaO,,FeO,MgO,MnO,NiO,SiO2,,,EDS,,EDS,EDS,EDS,WDS,EDS,,,Wollastonite,,Fayalite,Forsterite,Mn,UCB Standard Block 2 - NiO,Forsterite,,45451.722604166665,2024-06-08 17:20:18,45451.447905092595,2024-06-08 17:20:22,,0.00152,,0.07311,0.14168,0.00087,0.00246,0.09889,,24.51,19.07,0.17,0.09,8.04,0.26,,,,No,No,Yes,Yes,No,No,,,,K series,K series,K series,K series,K series,K series,Kα,,,,K24_28_FIA,0.8833510197194882
22,K24_29_FIA,100.9211,100.9211,,0.2597,,15.1597,44.761,0.2529,0.316,40.1718,,,0.024,,0.0968,0.1242,0.0348,0.0101,0.1359,,0.0,0.2573297358035138,0.0,15.02133845152302,44.352469404316835,0.250591798939964,0.3131158895414338,39.805154719875226,0.0,,0.1856,,11.7839,26.9959,0.1959,0.2483,42.7335,18.7781,,,0.0172,,0.0752,0.0749,0.0269,0.0079,0.0635,,,0.0991,,4.515,23.7597,0.0763,0.0905,57.1531,14.3063,,99.59,,0.957,,0.927,0.813,0.825,0.878,1.01,,,CaO,,FeO,MgO,MnO,NiO,SiO2,,,EDS,,EDS,EDS,EDS,WDS,EDS,,,Wollastonite,,Fayalite,Forsterite,Mn,UCB Standard Block 2 - NiO,Forsterite,,45451.722604166665,2024-06-08 17:20:18,45451.447905092595,2024-06-08 17:20:22,,0.00159,,0.09926,0.12698,0.00162,0.00208,0.09831,,21.96,18.96,0.18,0.16,10.92,0.22,,,,No,No,Yes,Yes,No,No,,,,K series,K series,K series,K series,K series,K series,Kα,,,,K24_29_FIA,0.8403363872653152
23,K24_30_FIA,98.2158,98.2158,,0.2657,,12.8198,45.2803,0.1923,0.3783,39.2795,,,0.0236,,0.0896,0.1226,0.0343,0.0106,0.1336,,0.0,0.27052646261959623,0.0,13.052672734251788,46.102820419097114,0.19579314550902657,0.3851718509935765,39.99301538752891,0.0,,0.1899,,9.965,27.309,0.1489,0.2973,41.9447,18.361,,,0.0169,,0.0696,0.0739,0.0265,0.0083,0.0625,,,0.1032,,3.8877,24.4739,0.0591,0.1103,57.1219,14.2438,,99.243,,0.953,,0.924,0.832,0.822,0.878,1.008,,,CaO,,FeO,MgO,MnO,NiO,SiO2,,,EDS,,EDS,EDS,EDS,WDS,EDS,,,Wollastonite,,Fayalite,Forsterite,Mn,UCB Standard Block 2 - NiO,Forsterite,,45451.722604166665,2024-06-08 17:20:18,45451.447905092595,2024-06-08 17:20:22,,0.00162,,0.08373,0.13145,0.00122,0.00249,0.0959,,22.74,18.5,0.18,0.12,9.21,0.26,,,,No,No,Yes,Yes,No,No,,,,K series,K series,K series,K series,K series,K series,Kα,,,,K24_30_FIA,0.8629389696561225
24,K24_31_FIA,101.1955,101.1955,,0.2483,,14.5277,45.3555,0.1891,0.3144,40.5605,,,0.0239,,0.0951,0.1245,0.0349,0.0102,0.1365,,0.0,0.2453666417973131,0.0,14.35607314554501,44.819680717027936,0.1868660167695204,0.31068575183679115,40.081327727023435,0.0,,0.1775,,11.2926,27.3544,0.1465,0.247,43.0177,18.9598,,,0.0171,,0.0739,0.0751,0.0271,0.008,0.0638,,,0.0942,,4.3,23.9265,0.0567,0.0895,57.1777,14.3555,,99.425,,0.955,,0.926,0.82,0.824,0.878,1.01,,,CaO,,FeO,MgO,MnO,NiO,SiO2,,,EDS,,EDS,EDS,EDS,WDS,EDS,,,Wollastonite,,Fayalite,Forsterite,Mn,UCB Standard Block 2 - NiO,Forsterite,,45451.722604166665,2024-06-08 17:20:18,45451.447905092595,2024-06-08 17:20:22,,0.00151,,0.09502,0.12975,0.00121,0.00207,0.0993,,22.44,19.15,0.17,0.12,10.45,0.22,,,,No,No,Yes,Yes,No,No,,,,K series,K series,K series,K series,K series,K series,Kα,,,,K24_31_FIA,0.8476788506908836
25,K24_31_FIB,100.68,100.68,,0.2473,,14.0712,45.4145,0.2374,0.3482,40.3614,,,0.0239,,0.0937,0.1244,0.0349,0.0103,0.1359,,0.0,0.24562971791815652,0.0,13.976162097735397,45.10776718315454,0.2357965832340087,0.34584823202224874,40.088796185935635,0.0,,0.1768,,10.9378,27.39,0.1838,0.2736,42.8513,18.8668,,,0.017,,0.0728,0.075,0.027,0.0081,0.0635,,,0.0941,,4.1804,24.047,0.0714,0.0995,57.1692,14.3383,,99.361,,0.955,,0.925,0.823,0.823,0.878,1.01,,,CaO,,FeO,MgO,MnO,NiO,SiO2,,,EDS,,EDS,EDS,EDS,WDS,EDS,,,Wollastonite,,Fayalite,Forsterite,Mn,UCB Standard Block 2 - NiO,Forsterite,,2024-06-08 17:20:33,2024-06-08 17:20:18,2024-06-08 10:44:59,2024-06-08 17:20:22,,0.00151,,0.09201,0.13038,0.00151,0.00229,0.09876,,22.55,19.05,0.17,0.15,10.12,0.24,,,,No,No,Yes,Yes,No,No,,,,K series,K series,K series,K series,K series,K series,Kα,,,,K24_31_FIB,0.8519197202108972
26,K24_32_FIA,98.6922,98.6922,,0.2167,,11.4296,46.5019,0.2013,0.3976,39.9452,,,0.0237,,0.0863,0.1236,0.0342,0.0106,0.1353,,0.0,0.21957133433915307,0.0,11.5810453297775,47.11806290865649,0.2039672801221574,0.4028683088751604,40.47448483822952,0.0,,0.1549,,8.8844,28.0458,0.1559,0.3124,42.4666,18.6722,,,0.017,,0.0671,0.0746,0.0265,0.0083,0.0633,,,0.0832,,3.4257,24.841,0.0611,0.1146,57.1581,14.3162,,99.307,,0.951,,0.922,0.847,0.821,0.877,1.008,,,CaO,,FeO,MgO,MnO,NiO,SiO2,,,EDS,,EDS,EDS,EDS,WDS,EDS,,,Wollastonite,,Fayalite,Forsterite,Mn,UCB Standard Block 2 - NiO,Forsterite,,2024-06-08 17:20:33,2024-06-08 17:20:18,2024-06-08 10:44:59,2024-06-08 17:20:22,,0.00132,,0.0745,0.13737,0.00128,0.00261,0.09754,,23.76,18.81,0.15,0.13,8.2,0.27,,,,No,No,Yes,Yes,No,No,,,,K series,K series,K series,K series,K series,K series,Kα,,,,K24_32_FIA,0.8788221397917135
27,0919_50_FIA,100.7724,100.7724,,0.2684,,10.8509,48.1712,0.1354,0.4127,40.934,,,0.024,,0.0848,0.1254,0.0341,0.0109,0.1374,,0.0,0.26634223985488126,0.0,10.767708682717325,47.80188265461048,0.13436191980756673,0.40953592544005024,40.62016857756969,0.0,,0.1918,,8.4345,29.0526,0.1048,0.3243,43.53,19.1344,,,0.0171,,0.0659,0.0756,0.0264,0.0085,0.0642,,,0.1005,,3.1727,25.1032,0.0401,0.116,57.1558,14.3117,,99.368,,0.949,,0.921,0.856,0.82,0.877,1.007,,,CaO,,FeO,MgO,MnO,NiO,SiO2,,,EDS,,EDS,EDS,EDS,WDS,EDS,,,Wollastonite,,Fayalite,Forsterite,Mn,UCB Standard Block 2 - NiO,Forsterite,,2024-06-08 17:20:33,2024-06-08 17:20:18,2024-06-08 10:44:59,2024-06-08 17:20:22,,0.00163,,0.07064,0.14378,0.00086,0.00271,0.09991,,24.87,19.27,0.18,0.09,7.77,0.28,,,,No,No,Yes,Yes,No,No,,,,K series,K series,K series,K series,K series,K series,Kα,,,,0919_50_FIA,0.8878085926227567
28,0919_51_FIA,100.2723,100.2723,,0.2433,,10.8113,47.959,0.1071,0.4239,40.7276,,,0.0237,,0.0846,0.1248,0.0343,0.0109,0.1369,,0.0,0.24263953518522582,0.0,10.781951527940944,47.82880997923652,0.10680926518017955,0.42274927646945015,40.61704041598769,0.0,,0.1739,,8.4038,28.9246,0.0829,0.3331,43.316,19.0379,,,0.0169,,0.0658,0.0752,0.0266,0.0086,0.064,,,0.0916,,3.1767,25.1157,0.0319,0.1198,57.1548,14.3096,,99.338,,0.949,,0.921,0.856,0.82,0.877,1.007,,,CaO,,FeO,MgO,MnO,NiO,SiO2,,,EDS,,EDS,EDS,EDS,WDS,EDS,,,Wollastonite,,Fayalite,Forsterite,Mn,UCB Standard Block 2 - NiO,Forsterite,,45451.722604166665,2024-06-08 17:20:18,45451.447905092595,45451.72247685185,,0.00147,,0.07039,0.14315,0.00068,0.00279,0.09938,,24.76,19.17,0.17,0.07,7.74,0.29,,,,No,No,Yes,Yes,No,No,,,,K series,K series,K series,K series,K series,K series,Kα,,,,0919_51_FIA,0.8877329994122131
29,0919_52_FIA,98.0071,98.0071,,0.221,,10.6845,46.671,0.1879,0.4193,39.8235,,,0.0236,,0.0841,0.1234,0.0341,0.0109,0.1351,,0.0,0.22549363720216473,0.0,10.901750075504655,47.619970777657144,0.1917206082818405,0.42782571076410714,40.633239190590075,0.0,,0.1579,,8.3052,28.1478,0.1455,0.3295,42.3059,18.6153,,,0.0169,,0.0654,0.0744,0.0264,0.0085,0.0631,,,0.0852,,3.2149,25.0288,0.0573,0.1213,57.1642,14.3284,,99.262,,0.95,,0.922,0.854,0.82,0.877,1.008,,,CaO,,FeO,MgO,MnO,NiO,SiO2,,,EDS,,EDS,EDS,EDS,WDS,EDS,,,Wollastonite,,Fayalite,Forsterite,Mn,UCB Standard Block 2 - NiO,Forsterite,,45451.722604166665,2024-06-08 17:20:18,45451.447905092595,45451.72247685185,,0.00134,,0.06959,0.13897,0.00119,0.00276,0.09722,,24.04,18.75,0.15,0.12,7.66,0.29,,,,No,No,Yes,Yes,No,No,,,,K series,K series,K series,K series,K series,K series,Kα,,,,0919_52_FIA,0.8861864062030268
30,0919_52_FIB,99.4472,99.4472,,0.2089,,10.8159,47.434,0.1846,0.4045,40.3994,,,0.0237,,0.0846,0.1244,0.0344,0.0107,0.1364,,0.0,0.21006100718672102,0.0,10.876011716758525,47.69762477211548,0.18562595465135803,0.40674809673063017,40.62392845255729,0.0,,0.1493,,8.4074,28.6079,0.1429,0.3179,42.9373,18.8845,,,0.017,,0.0657,0.075,0.0266,0.0084,0.0638,,,0.0793,,3.2064,25.0623,0.0554,0.1153,57.1604,14.3209,,99.235,,0.949,,0.922,0.854,0.82,0.877,1.007,,,CaO,,FeO,MgO,MnO,NiO,SiO2,,,EDS,,EDS,EDS,EDS,WDS,EDS,,,Wollastonite,,Fayalite,Forsterite,Mn,UCB Standard Block 2 - NiO,Forsterite,,45451.722604166665,2024-06-08 17:20:18,45451.447905092595,45451.72247685185,,0.00127,,0.07043,0.14136,0.00117,0.00266,0.09861,,24.45,19.02,0.14,0.12,7.75,0.28,,,,No,No,Yes,Yes,No,No,,,,K series,K series,K series,K series,K series,K series,Kα,,,,0919_52_FIB,0.8865885302456199
31,"KL0919_001_FIA,B",100.3176,100.3176,,0.2504,,12.852,46.5055,0.1572,0.3491,40.2034,,,0.0259,,0.098,0.1344,0.0378,0.011,0.1468,,0.0,0.2496072473823138,0.0,12.811311275389365,46.35826614671802,0.15670231345247496,0.34799476861487916,40.07611824844295,0.0,,0.179,,9.9901,28.048,0.1217,0.2744,42.9116,18.7929,,,0.0185,,0.0762,0.081,0.0293,0.0086,0.0686,,,0.0951,,3.8099,24.5714,0.0472,0.0995,57.1256,14.2512,,99.217,,0.953,,0.924,0.836,0.822,0.878,1.008,,,CaO,,FeO,MgO,MnO,NiO,SiO2,,,EDS,,EDS,EDS,EDS,WDS,EDS,,,Wollastonite,,Fayalite,Forsterite,Mn,UCB Standard Block 2 - NiO,Forsterite,,45451.722604166665,2024-06-08 17:20:18,45451.447905092595,45451.72247685185,,0.00152,,0.08389,0.13555,0.001,0.0023,0.09815,,23.44,18.93,0.17,0.1,9.23,0.24,,,,No,No,Yes,Yes,No,No,,,,K series,K series,K series,K series,K series,K series,Kα,,,,"KL0919_001_FIA,B",0.8657750044459802
32,KL0919_002_FIA,98.9489,98.9489,,0.2262,,10.7685,47.2607,0.1063,0.4489,40.1382,,,0.0237,,0.0843,0.1242,0.0341,0.0109,0.136,,0.0,0.22860307552997108,0.0,10.882901055899618,47.7627823682551,0.10742929676762125,0.45366896819365177,40.56461523535404,0.0,,0.1617,,8.3705,28.5035,0.0823,0.3528,42.7157,18.7624,,,0.0169,,0.0655,0.0749,0.0264,0.0086,0.0636,,,0.0863,,3.2083,25.0955,0.0321,0.1286,57.1497,14.2994,,99.224,,0.949,,0.922,0.854,0.82,0.877,1.007,,,CaO,,FeO,MgO,MnO,NiO,SiO2,,,EDS,,EDS,EDS,EDS,WDS,EDS,,,Wollastonite,,Fayalite,Forsterite,Mn,UCB Standard Block 2 - NiO,Forsterite,,45451.722604166665,2024-06-08 17:20:18,45451.447905092595,2024-06-08 17:20:22,,0.00137,,0.07013,0.14083,0.00068,0.00295,0.09792,,24.36,18.89,0.15,0.07,7.71,0.31,,,,No,No,Yes,Yes,No,No,,,,K series,K series,K series,K series,K series,K series,Kα,,,,KL0919_002_FIA,0.8866620994727282
33,KL0919_002_FIB,98.9092,98.9092,,0.2425,,10.8347,47.1752,0.1577,0.4234,40.0756,,,0.0237,,0.0844,0.124,0.0343,0.0109,0.1357,,0.0,0.24517460981851014,0.0,10.954199360827264,47.69551032210383,0.15943932358094454,0.4280698135965245,40.51760657007293,0.0,,0.1733,,8.422,28.4519,0.1221,0.3327,42.6739,18.7332,,,0.017,,0.0656,0.0748,0.0265,0.0086,0.0634,,,0.0926,,3.2309,25.0725,0.0476,0.1214,57.145,14.2899,,99.21,,0.95,,0.922,0.854,0.82,0.877,1.007,,,CaO,,FeO,MgO,MnO,NiO,SiO2,,,EDS,,EDS,EDS,EDS,WDS,EDS,,,Wollastonite,,Fayalite,Forsterite,Mn,UCB Standard Block 2 - NiO,Forsterite,,45451.722604166665,2024-06-08 17:20:18,45451.447905092595,2024-06-08 17:20:22,,0.00147,,0.07057,0.14044,0.001,0.00278,0.09778,,24.29,18.86,0.16,0.1,7.76,0.29,,,,No,No,Yes,Yes,No,No,,,,K series,K series,K series,K series,K series,K series,Kα,,,,KL0919_002_FIB,0.885861787886864
34,KL0919_003_FIA,100.597,100.597,,0.264,,11.3162,47.7889,0.1987,0.4245,40.6048,,,0.0238,,0.0863,0.1256,0.0346,0.0108,0.1371,,0.0,0.2624330124824672,0.0,11.24903202975036,47.505246175088544,0.1975206044707054,0.4219803552985126,40.36378782290941,0.0,,0.1887,,8.7962,28.822,0.1539,0.3336,43.3221,18.9805,,,0.017,,0.0671,0.0757,0.0268,0.0085,0.0641,,,0.0993,,3.3231,25.0117,0.0591,0.1199,57.129,14.258,,99.216,,0.95,,0.922,0.85,0.821,0.877,1.007,,,CaO,,FeO,MgO,MnO,NiO,SiO2,,,EDS,,EDS,EDS,EDS,WDS,EDS,,,Wollastonite,,Fayalite,Forsterite,Mn,UCB Standard Block 2 - NiO,Forsterite,,45451.722604166665,2024-06-08 17:20:18,45451.447905092595,2024-06-08 17:20:22,,0.0016,,0.07373,0.14172,0.00126,0.00279,0.09905,,24.51,19.11,0.18,0.13,8.11,0.29,,,,No,No,Yes,Yes,No,No,,,,K series,K series,K series,K series,K series,K series,Kα,,,,KL0919_003_FIA,0.8827356018062745
35,KL0919_004_FIA,99.6125,99.6125,,0.2589,,10.6722,47.7592,0.134,0.4129,40.3754,,,0.0239,,0.0841,0.1248,0.0341,0.0107,0.1366,,0.0,0.2599068792502154,0.0,10.713704892754532,47.94493869249472,0.13452113487651163,0.41450579545157945,40.532422605172435,0.0,,0.185,,8.2956,28.8041,0.1038,0.3245,43.0262,18.8733,,,0.0171,,0.0653,0.0753,0.0264,0.0084,0.0638,,,0.0981,,3.156,25.1723,0.0401,0.1174,57.1387,14.2773,,99.244,,0.949,,0.921,0.856,0.82,0.877,1.007,,,CaO,,FeO,MgO,MnO,NiO,SiO2,,,EDS,,EDS,EDS,EDS,WDS,EDS,,,Wollastonite,,Fayalite,Forsterite,Mn,UCB Standard Block 2 - NiO,Forsterite,,45451.722604166665,2024-06-08 17:20:18,45451.447905092595,2024-06-08 17:20:22,,0.00157,,0.06948,0.14266,0.00085,0.00271,0.09848,,24.68,19.0,0.18,0.09,7.64,0.28,,,,No,No,Yes,Yes,No,No,,,,K series,K series,K series,K series,K series,K series,Kα,,,,KL0919_004_FIA,0.8886045617244587
36,KL0919_004_FIB,100.2043,100.2043,,0.24,,10.7713,47.9525,0.1735,0.4276,40.6394,,,0.0238,,0.0846,0.1253,0.0343,0.0108,0.1373,,0.0,0.23951067968141088,0.0,10.749339100218254,47.85473278092856,0.17314626218635326,0.426728194299047,40.55654298268637,0.0,,0.1715,,8.3727,28.9207,0.1343,0.336,43.2723,18.9967,,,0.017,,0.0658,0.0756,0.0265,0.0085,0.0642,,,0.0904,,3.1676,25.1334,0.0517,0.1209,57.1453,14.2906,,99.178,,0.949,,0.921,0.856,0.82,0.877,1.007,,,CaO,,FeO,MgO,MnO,NiO,SiO2,,,EDS,,EDS,EDS,EDS,WDS,EDS,,,Wollastonite,,Fayalite,Forsterite,Mn,UCB Standard Block 2 - NiO,Forsterite,,45451.722604166665,2024-06-08 17:20:18,45451.447905092595,2024-06-08 17:20:22,,0.00145,,0.07013,0.1431,0.0011,0.00281,0.09914,,24.75,19.12,0.16,0.11,7.72,0.29,,,,No,No,Yes,Yes,No,No,,,,K series,K series,K series,K series,K series,K series,Kα,,,,KL0919_004_FIB,0.8880884190830426
37,KL0919_007_FIA,100.103,100.103,,0.2344,,10.8717,47.9433,0.157,0.4191,40.4776,,,0.0238,,0.0849,0.125,0.0345,0.0107,0.1367,,0.0,0.23415858250144098,0.0,10.86050282159094,47.89392136707055,0.15683829971299587,0.418668352928131,40.43591057619594,0.0,,0.1675,,8.4507,28.9151,0.1216,0.3294,43.1977,18.9211,,,0.017,,0.066,0.0754,0.0267,0.0084,0.0639,,,0.0884,,3.2016,25.1638,0.0468,0.1187,57.1269,14.2537,,99.393,,0.949,,0.922,0.855,0.82,0.877,1.006,,,CaO,,FeO,MgO,MnO,NiO,SiO2,,,EDS,,EDS,EDS,EDS,WDS,EDS,,,Wollastonite,,Fayalite,Forsterite,Mn,UCB Standard Block 2 - NiO,Forsterite,,45451.722604166665,2024-06-08 17:20:18,45451.447905092595,2024-06-08 17:20:22,,0.00142,,0.0708,0.14295,0.001,0.00276,0.09869,,24.72,19.04,0.16,0.1,7.79,0.29,,,,No,No,Yes,Yes,No,No,,,,K series,K series,K series,K series,K series,K series,Kα,,,,KL0919_007_FIA,0.8871437790646656
38,KL0919_005_FIA,98.5358,98.5358,,0.2251,,11.3319,46.5307,0.1619,0.4096,39.8767,,,0.0253,,0.092,0.1327,0.0368,0.0112,0.145,,0.0,0.22844465824131102,0.0,11.50027553409468,47.22207845059517,0.16430559826418595,0.41568605959858285,40.469209699206075,0.0,,0.1608,,8.8084,28.0632,0.1254,0.3218,42.4159,18.6402,,,0.018,,0.0715,0.08,0.0285,0.0088,0.0678,,,0.0865,,3.4002,24.8843,0.0492,0.1182,57.1539,14.3077,,99.374,,0.95,,0.922,0.848,0.821,0.877,1.008,,,CaO,,FeO,MgO,MnO,NiO,SiO2,,,EDS,,EDS,EDS,EDS,WDS,EDS,,,Wollastonite,,Fayalite,Forsterite,Mn,UCB Standard Block 2 - NiO,Forsterite,,2024-06-08 17:20:33,2024-06-08 17:20:18,45451.447905092595,2024-06-08 17:20:22,,0.00137,,0.07386,0.13761,0.00103,0.00269,0.09735,,23.8,18.78,0.15,0.1,8.12,0.28,,,,No,No,Yes,Yes,No,No,,,,K series,K series,K series,K series,K series,K series,Kα,,,,KL0919_005_FIA,0.8797988814805779
39,"KL0919_006_FIA,B",99.7526,99.7526,,0.25,,10.9893,47.4769,0.2121,0.396,40.4283,,,0.0256,,0.092,0.1342,0.0372,0.0111,0.1469,,0.0,0.25062003396402693,0.0,11.016554956963526,47.59464916202685,0.2126260368150805,0.3969821337990187,40.528567676431486,0.0,,0.1786,,8.5422,28.6338,0.1643,0.3112,43.0244,18.898,,,0.0183,,0.0715,0.0809,0.0288,0.0087,0.0686,,,0.0947,,3.2506,25.0294,0.0635,0.1127,57.1497,14.2994,,99.192,,0.95,,0.922,0.853,0.82,0.877,1.007,,,CaO,,FeO,MgO,MnO,NiO,SiO2,,,EDS,,EDS,EDS,EDS,WDS,EDS,,,Wollastonite,,Fayalite,Forsterite,Mn,UCB Standard Block 2 - NiO,Forsterite,,2024-06-08 17:20:33,2024-06-08 17:20:18,45451.447905092595,2024-06-08 17:20:22,,0.00152,,0.07158,0.14121,0.00135,0.0026,0.09867,,24.42,19.03,0.17,0.13,7.87,0.27,,,,No,No,Yes,Yes,No,No,,,,K series,K series,K series,K series,K series,K series,Kα,,,,"KL0919_006_FIA,B",0.8850714415727338
40,KL0919_008_FIA,99.0047,99.0047,,0.2556,,10.9076,47.2699,0.1946,0.4241,39.9529,,,0.0255,,0.0912,0.1337,0.0371,0.0112,0.1459,,0.0,0.25816956164707333,0.0,11.017254736391303,47.745107050473365,0.1965563251037577,0.4283635019347566,40.35454882444975,0.0,,0.1827,,8.4786,28.509,0.1507,0.3332,42.6746,18.6758,,,0.0182,,0.0709,0.0806,0.0288,0.0088,0.0682,,,0.0976,,3.2512,25.1114,0.0588,0.1216,57.1198,14.2397,,99.147,,0.95,,0.922,0.853,0.82,0.877,1.006,,,CaO,,FeO,MgO,MnO,NiO,SiO2,,,EDS,,EDS,EDS,EDS,WDS,EDS,,,Wollastonite,,Fayalite,Forsterite,Mn,UCB Standard Block 2 - NiO,Forsterite,,2024-06-08 17:20:33,2024-06-08 17:20:18,45451.447905092595,2024-06-08 17:20:22,,0.00155,,0.07105,0.14058,0.00124,0.00279,0.09741,,24.32,18.79,0.17,0.12,7.82,0.29,,,,No,No,Yes,Yes,No,No,,,,K series,K series,K series,K series,K series,K series,Kα,,,,KL0919_008_FIA,0.885385659610437
41,K24_19_FIA,100.6866,100.6866,,0.1995,,11.5568,47.7667,0.1264,0.3881,40.6491,,,0.0236,,0.0868,0.1254,0.0345,0.0105,0.137,,0.0,0.19813957368706464,0.0,11.477992106198839,47.440970297934385,0.1255380557094986,0.38545347643082595,40.371906490039386,0.0,,0.1426,,8.9833,28.8086,0.0979,0.305,43.348,19.0012,,,0.0169,,0.0675,0.0756,0.0267,0.0083,0.0641,,,0.075,,3.3919,24.9869,0.0376,0.1095,57.133,14.266,,99.448,,0.95,,0.922,0.849,0.821,0.877,1.007,,,CaO,,FeO,MgO,MnO,NiO,SiO2,,,EDS,,EDS,EDS,EDS,WDS,EDS,,,Wollastonite,,Fayalite,Forsterite,Mn,UCB Standard Block 2 - NiO,Forsterite,,45451.722604166665,2024-06-08 17:20:18,45451.447905092595,2024-06-08 17:20:22,,0.00121,,0.07531,0.14148,0.0008,0.00255,0.09915,,24.47,19.12,0.14,0.08,8.28,0.27,,,,No,No,Yes,Yes,No,No,,,,K series,K series,K series,K series,K series,K series,Kα,,,,K24_19_FIA,0.8804913334847042
42,K24_20_FIA,100.5954,100.5954,,0.3125,,16.4766,43.6334,0.1898,0.2253,39.7579,,,0.0243,,0.0996,0.1236,0.0354,0.0094,0.1352,,0.0,0.31065007878085993,0.0,16.379062681730293,43.37510127192567,0.18867643184834307,0.22396628079784878,39.52254325491696,0.0,,0.2233,,12.8075,26.3158,0.147,0.177,42.3401,18.5846,,,0.0174,,0.0774,0.0745,0.0275,0.0074,0.0632,,,0.1203,,4.9519,23.3726,0.0578,0.0651,57.1441,14.2882,,99.437,,0.959,,0.928,0.802,0.826,0.878,1.011,,,CaO,,FeO,MgO,MnO,NiO,SiO2,,,EDS,,EDS,EDS,EDS,WDS,EDS,,,Wollastonite,,Fayalite,Forsterite,Mn,UCB Standard Block 2 - NiO,Forsterite,,45451.722604166665,2024-06-08 17:20:18,45451.447905092595,2024-06-08 17:20:22,,0.00191,,0.10803,0.12205,0.00121,0.00148,0.09737,,21.11,18.78,0.21,0.12,11.88,0.16,,,,No,No,Yes,Yes,No,No,,,,K series,K series,K series,K series,K series,K series,Kα,,,,K24_20_FIA,0.8251906035739133
43,K24_18_FIA,99.4269,99.4269,,0.2344,,14.4636,44.5497,0.2074,0.3347,39.637,,,0.0235,,0.0942,0.1229,0.0347,0.0102,0.1344,,0.0,0.23575132660409465,0.0,14.546983308323307,44.80653103589777,0.20859567038263327,0.33662956064159766,39.865509098150596,0.0,,0.1675,,11.2428,26.8684,0.1606,0.263,42.1963,18.5281,,,0.0168,,0.0732,0.0741,0.0269,0.008,0.0628,,,0.0906,,4.362,23.946,0.0634,0.0971,57.147,14.294,,99.462,,0.956,,0.926,0.818,0.824,0.878,1.009,,,CaO,,FeO,MgO,MnO,NiO,SiO2,,,EDS,,EDS,EDS,EDS,WDS,EDS,,,Wollastonite,,Fayalite,Forsterite,Mn,UCB Standard Block 2 - NiO,Forsterite,,45451.722604166665,2024-06-08 17:20:18,45451.447905092595,2024-06-08 17:20:22,,0.00143,,0.09464,0.12711,0.00132,0.0022,0.09694,,21.99,18.7,0.16,0.13,10.41,0.23,,,,No,No,Yes,Yes,No,No,,,,K series,K series,K series,K series,K series,K series,Kα,,,,K24_18_FIA,0.8459270231591329
44,K24_17_FIA,99.169,99.169,,0.2566,,15.1207,43.8196,0.2274,0.2825,39.4621,,,0.0239,,0.0963,0.1229,0.0352,0.0099,0.1343,,0.0,0.2587504751993821,0.0,15.247421318578708,44.18683680065021,0.2293057601727961,0.28486753407570314,39.79281811132321,0.0,,0.1834,,11.7536,26.4281,0.1761,0.222,41.9594,18.4464,,,0.0171,,0.0749,0.0741,0.0273,0.0078,0.0628,,,0.0997,,4.5867,23.6906,0.0699,0.0824,57.1569,14.3137,,99.492,,0.957,,0.927,0.812,0.825,0.878,1.01,,,CaO,,FeO,MgO,MnO,NiO,SiO2,,,EDS,,EDS,EDS,EDS,WDS,EDS,,,Wollastonite,,Fayalite,Forsterite,Mn,UCB Standard Block 2 - NiO,Forsterite,,2024-06-08 17:20:33,2024-06-08 17:20:18,45451.447905092595,2024-06-08 17:20:22,,0.00157,,0.09902,0.12405,0.00145,0.00186,0.0966,,21.46,18.63,0.18,0.15,10.89,0.19,,,,No,No,Yes,Yes,No,No,,,,K series,K series,K series,K series,K series,K series,Kα,,,,K24_17_FIA,0.8378140955862001
45,K24_1_FIB,99.9567,99.9567,,0.2551,,12.3626,46.5492,0.1435,0.401,40.2453,,,0.0237,,0.0889,0.1242,0.0343,0.0106,0.1359,,0.0,0.2552105061491626,0.0,12.367955324655576,46.56936453484359,0.14356216241632624,0.40117370821565745,40.262733763719694,0.0,,0.1823,,9.6097,28.0743,0.1111,0.3151,42.8517,18.8125,,,0.0169,,0.0691,0.0749,0.0266,0.0083,0.0635,,,0.0971,,3.6713,24.6375,0.0432,0.1145,57.1455,14.291,,99.972,,0.952,,0.923,0.839,0.822,0.878,1.008,,,CaO,,FeO,MgO,MnO,NiO,SiO2,,,EDS,,EDS,EDS,EDS,WDS,EDS,,,Wollastonite,,Fayalite,Forsterite,Mn,UCB Standard Block 2 - NiO,Forsterite,,2024-06-08 17:20:33,2024-06-08 17:20:18,45451.447905092595,2024-06-08 17:20:22,,0.00155,,0.08066,0.13628,0.00091,0.00264,0.09828,,23.57,18.96,0.17,0.09,8.87,0.28,,,,No,No,Yes,Yes,No,No,,,,K series,K series,K series,K series,K series,K series,Kα,,,,K24_1_FIB,0.8703289618305398
46,"K24_1_FIC,D",99.4646,99.4646,,0.2271,,12.9544,45.7625,0.1962,0.3899,39.9345,,,0.0234,,0.0901,0.1234,0.0345,0.0105,0.135,,0.0,0.22832243833484475,0.0,13.024131198436429,46.00883128268751,0.1972561092087034,0.39199876136836626,40.14946020996415,0.0,,0.1623,,10.0696,27.5999,0.152,0.3064,42.5072,18.6672,,,0.0167,,0.0701,0.0744,0.0267,0.0082,0.0631,,,0.0871,,3.8783,24.4185,0.0595,0.1123,57.1481,14.2962,,99.801,,0.953,,0.924,0.832,0.822,0.878,1.008,,,CaO,,FeO,MgO,MnO,NiO,SiO2,,,EDS,,EDS,EDS,EDS,WDS,EDS,,,Wollastonite,,Fayalite,Forsterite,Mn,UCB Standard Block 2 - NiO,Forsterite,,2024-06-08 17:20:33,2024-06-08 17:20:18,45451.447905092595,2024-06-08 17:20:22,,0.00138,,0.0846,0.13287,0.00125,0.00256,0.09757,,22.98,18.82,0.15,0.12,9.31,0.27,,,,No,No,Yes,Yes,No,No,,,,K series,K series,K series,K series,K series,K series,Kα,,,,"K24_1_FIC,D",0.8629565055220597
47,K24_2_FIA-C,101.2416,101.2416,,0.2386,,14.0562,45.9213,0.1813,0.3709,40.4733,,,0.0238,,0.0936,0.125,0.0348,0.0105,0.1366,,0.0,0.2356738731904672,0.0,13.883818509387446,45.358133415512995,0.1790765851191605,0.3663513812503951,39.97694623553954,0.0,,0.1705,,10.9261,27.6956,0.1404,0.2915,43.0984,18.919,,,0.017,,0.0727,0.0754,0.0269,0.0083,0.0639,,,0.0902,,4.1503,24.1657,0.0542,0.1053,57.1448,14.2895,,99.965,,0.955,,0.925,0.824,0.823,0.878,1.009,,,CaO,,FeO,MgO,MnO,NiO,SiO2,,,EDS,,EDS,EDS,EDS,WDS,EDS,,,Wollastonite,,Fayalite,Forsterite,Mn,UCB Standard Block 2 - NiO,Forsterite,,45451.722604166665,2024-06-08 17:20:18,45451.447905092595,2024-06-08 17:20:22,,0.00145,,0.0919,0.13205,0.00116,0.00244,0.09893,,22.84,19.08,0.16,0.12,10.11,0.26,,,,No,No,Yes,Yes,No,No,,,,K series,K series,K series,K series,K series,K series,Kα,,,,K24_2_FIA-C,0.8534477047281745
48,K24_3_FIA,99.306,99.306,,0.274,,14.2584,44.6193,0.2199,0.3218,39.6125,,,0.0239,,0.0939,0.123,0.0348,0.0103,0.1342,,0.0,0.2759151268957837,0.0,14.358059289528619,44.93116723175562,0.22143699417657967,0.32404922567541306,39.88937213196799,0.0,,0.1959,,11.0833,26.9104,0.1703,0.2529,42.1766,18.5167,,,0.0171,,0.073,0.0742,0.0269,0.0081,0.0627,,,0.1059,,4.302,23.9941,0.0672,0.0934,57.1458,14.2915,,99.861,,0.955,,0.926,0.82,0.824,0.878,1.01,,,CaO,,FeO,MgO,MnO,NiO,SiO2,,,EDS,,EDS,EDS,EDS,WDS,EDS,,,Wollastonite,,Fayalite,Forsterite,Mn,UCB Standard Block 2 - NiO,Forsterite,,45451.722604166665,2024-06-08 17:20:18,45451.447905092595,2024-06-08 17:20:22,,0.00167,,0.09327,0.12759,0.0014,0.00212,0.09689,,22.07,18.69,0.19,0.14,10.26,0.22,,,,No,No,Yes,Yes,No,No,,,,K series,K series,K series,K series,K series,K series,Kα,,,,K24_3_FIA,0.8479815201315422
49,"K24_3_FIB,C",99.6607,99.6607,,0.2658,,14.2309,44.8962,0.2094,0.3385,39.7199,,,0.0239,,0.0941,0.1237,0.0347,0.0102,0.135,,0.0,0.26670492982690264,0.0,14.279349833986716,45.0490514315071,0.21011291311419647,0.33965244073140166,39.855128450833675,0.0,,0.19,,11.0619,27.0774,0.1622,0.266,42.3364,18.5669,,,0.0171,,0.0731,0.0746,0.0269,0.008,0.0631,,,0.1023,,4.2769,24.0482,0.0637,0.0978,57.137,14.274,,99.761,,0.955,,0.926,0.821,0.824,0.878,1.009,,,CaO,,FeO,MgO,MnO,NiO,SiO2,,,EDS,,EDS,EDS,EDS,WDS,EDS,,,Wollastonite,,Fayalite,Forsterite,Mn,UCB Standard Block 2 - NiO,Forsterite,,45451.722604166665,2024-06-08 17:20:18,45451.447905092595,2024-06-08 17:20:22,,0.00162,,0.09308,0.1285,0.00134,0.00223,0.09711,,22.23,18.73,0.18,0.13,10.24,0.23,,,,No,No,Yes,Yes,No,No,,,,K series,K series,K series,K series,K series,K series,Kα,,,,"K24_3_FIB,C",0.8490249471112336
50,"K24_3_FID,E",99.6304,99.6304,,0.265,,14.2767,44.7626,0.2277,0.3338,39.7646,,,0.024,,0.0943,0.1233,0.0347,0.0102,0.1346,,0.0,0.26598307343943217,0.0,14.329662432349966,44.928656313735566,0.22854470121569326,0.33503830156257525,39.91211517769677,0.0,,0.1894,,11.0975,26.9968,0.1763,0.2623,42.3203,18.5878,,,0.0171,,0.0733,0.0744,0.0269,0.008,0.0629,,,0.1021,,4.2932,23.9909,0.0693,0.0965,57.1493,14.2986,,99.726,,0.955,,0.926,0.82,0.824,0.878,1.01,,,CaO,,FeO,MgO,MnO,NiO,SiO2,,,EDS,,EDS,EDS,EDS,WDS,EDS,,,Wollastonite,,Fayalite,Forsterite,Mn,UCB Standard Block 2 - NiO,Forsterite,,45451.722604166665,2024-06-08 17:20:18,45451.447905092595,2024-06-08 17:20:22,,0.00162,,0.09339,0.12801,0.00145,0.0022,0.09726,,22.14,18.76,0.18,0.15,10.27,0.23,,,,No,No,Yes,Yes,No,No,,,,K series,K series,K series,K series,K series,K series,Kα,,,,"K24_3_FID,E",0.8482293538353921
51,K24_4_FIA-C,100.9153,100.9153,,0.2396,,14.9438,44.9519,0.2187,0.2814,40.2799,,,0.0239,,0.096,0.1241,0.035,0.0099,0.1359,,0.0,0.2374268322048292,0.0,14.808259996254286,44.54418705587756,0.21671639483804736,0.2788477069383929,39.91456201388689,0.0,,0.1712,,11.6161,27.111,0.1693,0.2211,42.7979,18.8287,,,0.0171,,0.0747,0.0749,0.0271,0.0078,0.0635,,,0.0913,,4.4447,23.8292,0.0659,0.0805,57.1628,14.3257,,99.654,,0.956,,0.926,0.816,0.824,0.878,1.01,,,CaO,,FeO,MgO,MnO,NiO,SiO2,,,EDS,,EDS,EDS,EDS,WDS,EDS,,,Wollastonite,,Fayalite,Forsterite,Mn,UCB Standard Block 2 - NiO,Forsterite,,45451.722604166665,45451.72243055556,45451.447905092595,45451.72247685185,,0.00146,,0.0978,0.12795,0.0014,0.00185,0.09859,,22.13,19.02,0.16,0.14,10.76,0.19,,,,No,No,Yes,Yes,No,No,,,,K series,K series,K series,K series,K series,K series,Kα,,,,K24_4_FIA-C,0.8428161876229541
52,K24_5_FIA,100.3217,100.3217,,0.2312,,12.4464,46.5848,0.223,0.3774,40.4588,,,0.0239,,0.0895,0.1244,0.0342,0.0104,0.1361,,0.0,0.23045884435654931,0.0,12.40650069376884,46.435463549225695,0.22228513101864406,0.37619017240554375,40.32910160922473,0.0,,0.1652,,9.6748,28.0958,0.1727,0.2966,43.0043,18.9123,,,0.0171,,0.0696,0.075,0.0265,0.0082,0.0636,,,0.0877,,3.684,24.5749,0.0669,0.1074,57.1597,14.3194,,99.789,,0.952,,0.923,0.839,0.822,0.878,1.009,,,CaO,,FeO,MgO,MnO,NiO,SiO2,,,EDS,,EDS,EDS,EDS,WDS,EDS,,,Wollastonite,,Fayalite,Forsterite,Mn,UCB Standard Block 2 - NiO,Forsterite,,45451.722604166665,45451.72243055556,45451.447905092595,45451.72247685185,,0.00141,,0.08122,0.13626,0.00142,0.00248,0.09886,,23.57,19.07,0.16,0.14,8.93,0.26,,,,No,No,Yes,Yes,No,No,,,,K series,K series,K series,K series,K series,K series,Kα,,,,K24_5_FIA,0.8696513205478893
53,K24_6_FIA,100.5322,100.5322,,0.2507,,11.2698,47.9303,0.1644,0.3997,40.5174,,,0.0239,,0.0859,0.1252,0.0347,0.0106,0.1369,,0.0,0.24937258970500029,0.0,11.210128486068657,47.67651789524363,0.1635295322995694,0.3975836621662889,40.30286783451687,0.0,,0.1792,,8.7602,28.9073,0.1273,0.3141,43.3045,18.9397,,,0.0171,,0.0667,0.0755,0.0269,0.0083,0.064,,,0.0943,,3.31,25.0897,0.0489,0.1129,57.1148,14.2295,,99.647,,0.95,,0.922,0.851,0.82,0.877,1.006,,,CaO,,FeO,MgO,MnO,NiO,SiO2,,,EDS,,EDS,EDS,EDS,WDS,EDS,,,Wollastonite,,Fayalite,Forsterite,Mn,UCB Standard Block 2 - NiO,Forsterite,,45451.722604166665,45451.72243055556,45451.447905092595,45451.72247685185,,0.00152,,0.07342,0.14234,0.00104,0.00263,0.09877,,24.62,19.05,0.17,0.1,8.08,0.28,,,,No,No,Yes,Yes,No,No,,,,K series,K series,K series,K series,K series,K series,Kα,,,,K24_6_FIA,0.8834647662387056
54,K24_7_FIB,99.5146,99.5146,,0.2475,,14.5468,44.5608,0.2259,0.3251,39.6084,,,0.0236,,0.0947,0.1232,0.035,0.0103,0.1344,,0.0,0.248707474790106,0.0,14.617769269804903,44.7781981520281,0.22700209517206035,0.3266860608253069,39.801636947379535,0.0,,0.1769,,11.3075,26.8751,0.175,0.2555,42.2099,18.5148,,,0.0169,,0.0736,0.0743,0.0271,0.0081,0.0628,,,0.0956,,4.385,23.9407,0.069,0.0943,57.1385,14.277,,99.719,,0.956,,0.926,0.817,0.824,0.878,1.009,,,CaO,,FeO,MgO,MnO,NiO,SiO2,,,EDS,,EDS,EDS,EDS,WDS,EDS,,,Wollastonite,,Fayalite,Forsterite,Mn,UCB Standard Block 2 - NiO,Forsterite,,45451.722604166665,45451.72243055556,45451.447905092595,45451.72247685185,,0.00151,,0.09519,0.12704,0.00144,0.00214,0.09685,,21.97,18.68,0.17,0.14,10.47,0.22,,,,No,No,Yes,Yes,No,No,,,,K series,K series,K series,K series,K series,K series,Kα,,,,K24_7_FIB,0.8452105508739746
55,K24_7_FIA,100.7831,100.7831,,0.2335,,14.2727,45.3608,0.1778,0.3337,40.4046,,,0.0239,,0.0944,0.1244,0.0349,0.0102,0.136,,0.0,0.23168566952197345,0.0,14.161798952403728,45.00833969187295,0.17641846698504018,0.33110710029756973,40.09065011891875,0.0,,0.1669,,11.0944,27.3576,0.1377,0.2623,42.8773,18.8869,,,0.0171,,0.0734,0.075,0.027,0.008,0.0636,,,0.0888,,4.238,24.0056,0.0535,0.0953,57.1729,14.3459,,99.646,,0.955,,0.925,0.822,0.824,0.878,1.01,,,CaO,,FeO,MgO,MnO,NiO,SiO2,,,EDS,,EDS,EDS,EDS,WDS,EDS,,,Wollastonite,,Fayalite,Forsterite,Mn,UCB Standard Block 2 - NiO,Forsterite,,45451.722604166665,45451.72243055556,45451.447905092595,45451.72247685185,,0.00142,,0.09333,0.13005,0.00113,0.0022,0.09888,,22.49,19.07,0.16,0.11,10.27,0.23,,,,No,No,Yes,Yes,No,No,,,,K series,K series,K series,K series,K series,K series,Kα,,,,K24_7_FIA,0.8499662191136478
56,K24_8_FIA,102.8109,102.8109,,0.3063,,14.0588,46.6937,0.2302,0.3732,41.1488,,,0.0244,,0.0941,0.126,0.035,0.0104,0.1379,,0.0,0.29792531927517485,0.0,13.674412271060488,45.417027360885506,0.223906002276021,0.36299617745182905,40.023732869050974,0.0,,0.2189,,10.9281,28.1615,0.1783,0.2933,43.7961,19.2348,,,0.0174,,0.0732,0.076,0.0271,0.0082,0.0645,,,0.114,,4.0852,24.1824,0.0677,0.1043,57.1488,14.2976,,99.738,,0.954,,0.925,0.826,0.823,0.878,1.009,,,CaO,,FeO,MgO,MnO,NiO,SiO2,,,EDS,,EDS,EDS,EDS,WDS,EDS,,,Wollastonite,,Fayalite,Forsterite,Mn,UCB Standard Block 2 - NiO,Forsterite,,45451.722604166665,45451.72243055556,45451.447905092595,45451.72247685185,,0.00187,,0.09189,0.13451,0.00147,0.00245,0.10062,,23.26,19.41,0.21,0.15,10.11,0.26,,,,No,No,Yes,Yes,No,No,,,,K series,K series,K series,K series,K series,K series,Kα,,,,K24_8_FIA,0.8554988366746461
57,"K24_8_FIB,C,D",101.1243,101.1243,,0.2688,,13.7342,45.9213,0.2081,0.366,40.6259,,,0.0241,,0.0928,0.1245,0.0353,0.0104,0.1365,,0.0,0.26581148151334544,0.0,13.58150315997243,45.410746971796094,0.20578634413291363,0.36193081188201054,40.1742212307032,0.0,,0.1921,,10.6758,27.6956,0.1612,0.2877,43.1216,18.9904,,,0.0172,,0.0722,0.0751,0.0273,0.0082,0.0638,,,0.1017,,4.0549,24.1638,0.0622,0.1039,57.1712,14.3423,,99.687,,0.954,,0.925,0.827,0.823,0.878,1.01,,,CaO,,FeO,MgO,MnO,NiO,SiO2,,,EDS,,EDS,EDS,EDS,WDS,EDS,,,Wollastonite,,Fayalite,Forsterite,Mn,UCB Standard Block 2 - NiO,Forsterite,,45451.722604166665,45451.72243055556,45451.447905092595,45451.72247685185,,0.00164,,0.08975,0.13245,0.00133,0.00241,0.09939,,22.91,19.17,0.18,0.13,9.87,0.25,,,,No,No,Yes,Yes,No,No,,,,K series,K series,K series,K series,K series,K series,Kα,,,,"K24_8_FIB,C,D",0.856322573072517
58,KL0919_010_FIA,99.843,99.843,,0.2451,,10.8223,47.6925,0.1454,0.4296,40.5081,,,0.0257,,0.0912,0.1342,0.0369,0.0114,0.1468,,0.0,0.24548541209699223,0.0,10.839317728834267,47.76749496709834,0.14562863696002723,0.4302755325861602,40.57179772242419,0.0,,0.1751,,8.4123,28.7639,0.1126,0.3376,43.1061,18.9354,,,0.0184,,0.0709,0.081,0.0286,0.009,0.0686,,,0.0927,,3.1951,25.0957,0.0435,0.122,57.1503,14.3007,,99.162,,0.949,,0.922,0.855,0.82,0.877,1.007,,,CaO,,FeO,MgO,MnO,NiO,SiO2,,,EDS,,EDS,EDS,EDS,WDS,EDS,,,Wollastonite,,Fayalite,Forsterite,Mn,UCB Standard Block 2 - NiO,Forsterite,,45451.722604166665,45451.72243055556,45451.447905092595,45451.72247685185,,0.00149,,0.07047,0.14218,0.00092,0.00282,0.09884,,24.59,19.07,0.17,0.09,7.75,0.3,,,,No,No,Yes,Yes,No,No,,,,K series,K series,K series,K series,K series,K series,Kα,,,,KL0919_010_FIA,0.8870746131722491
59,K24_8_FIE,101.221,101.221,,0.2508,,13.9177,45.9528,0.2611,0.3563,40.4824,,,0.0239,,0.0936,0.1249,0.0352,0.0104,0.1364,,0.0,0.2477744264782738,0.0,13.749801177817666,45.39843965339242,0.25795017046841023,0.3520017071539432,39.994032864689274,0.0,,0.1792,,10.8184,27.7147,0.2022,0.28,43.1032,18.9233,,,0.0171,,0.0727,0.0753,0.0272,0.0082,0.0638,,,0.0949,,4.1089,24.1799,0.0781,0.1011,57.1457,14.2914,,99.685,,0.954,,0.925,0.825,0.823,0.878,1.009,,,CaO,,FeO,MgO,MnO,NiO,SiO2,,,EDS,,EDS,EDS,EDS,WDS,EDS,,,Wollastonite,,Fayalite,Forsterite,Mn,UCB Standard Block 2 - NiO,Forsterite,,45451.722604166665,45451.72243055556,45451.447905092595,45451.72247685185,,0.00153,,0.09098,0.13227,0.00166,0.00234,0.09897,,22.88,19.09,0.17,0.17,10.01,0.25,,,,No,No,Yes,Yes,No,No,,,,K series,K series,K series,K series,K series,K series,Kα,,,,K24_8_FIE,0.8547670324118192
60,K24_10_FIA,101.221,101.221,,0.2508,,13.9177,45.9528,0.2611,0.3563,40.4824,,,0.0239,,0.0936,0.1249,0.0352,0.0104,0.1364,,0.0,0.2477744264782738,0.0,13.749801177817666,45.39843965339242,0.25795017046841023,0.3520017071539432,39.994032864689274,0.0,,0.1792,,10.8184,27.7147,0.2022,0.28,43.1032,18.9233,,,0.0171,,0.0727,0.0753,0.0272,0.0082,0.0638,,,0.0949,,4.1089,24.1799,0.0781,0.1011,57.1457,14.2914,,99.685,,0.954,,0.925,0.825,0.823,0.878,1.009,,,CaO,,FeO,MgO,MnO,NiO,SiO2,,,EDS,,EDS,EDS,EDS,WDS,EDS,,,Wollastonite,,Fayalite,Forsterite,Mn,UCB Standard Block 2 - NiO,Forsterite,,45451.722604166665,45451.72243055556,45451.447905092595,45451.72247685185,,0.00153,,0.09098,0.13227,0.00166,0.00234,0.09897,,22.88,19.09,0.17,0.17,10.01,0.25,,,,No,No,Yes,Yes,No,No,,,,K series,K series,K series,K series,K series,K series,Kα,,,,K24_10_FIA,0.8547670324118192
61,K24_10_FIB,99.9345,99.9345,,0.287,,12.644,46.2589,0.145,0.3662,40.2335,,,0.0239,,0.0897,0.1237,0.0346,0.0104,0.1354,,0.0,0.2871878208348259,0.0,12.652274587580278,46.28917311921997,0.14509489205940682,0.366439651532102,40.259829928773414,0.0,,0.2051,,9.8284,27.8992,0.1123,0.2878,42.7948,18.807,,,0.0171,,0.0697,0.0746,0.0268,0.0081,0.0633,,,0.1094,,3.7604,24.52,0.0437,0.1047,57.154,14.3079,,99.607,,0.952,,0.924,0.837,0.822,0.878,1.009,,,CaO,,FeO,MgO,MnO,NiO,SiO2,,,EDS,,EDS,EDS,EDS,WDS,EDS,,,Wollastonite,,Fayalite,Forsterite,Mn,UCB Standard Block 2 - NiO,Forsterite,,45451.722604166665,45451.72243055556,45451.447905092595,45451.72247685185,,0.00175,,0.08252,0.135,0.00092,0.00241,0.09832,,23.35,18.97,0.2,0.09,9.08,0.25,,,,No,No,Yes,Yes,No,No,,,,K series,K series,K series,K series,K series,K series,Kα,,,,K24_10_FIB,0.8670481571642592
62,"K24_11_FIA,B",101.128,101.128,,0.2482,,13.9975,45.7712,0.2144,0.3592,40.5375,,,0.0239,,0.0939,0.125,0.0349,0.0104,0.1367,,0.0,0.24543153231548134,0.0,13.841369353690371,45.26065975793054,0.21200854362787755,0.3551934182422277,40.0853373941935,0.0,,0.1774,,10.8805,27.6051,0.1661,0.2823,43.0676,18.9491,,,0.0171,,0.073,0.0754,0.027,0.0081,0.0639,,,0.094,,4.1372,24.1118,0.0642,0.1021,57.1636,14.3271,,99.7,,0.954,,0.925,0.825,0.823,0.878,1.01,,,CaO,,FeO,MgO,MnO,NiO,SiO2,,,EDS,,EDS,EDS,EDS,WDS,EDS,,,Wollastonite,,Fayalite,Forsterite,Mn,UCB Standard Block 2 - NiO,Forsterite,,45451.722604166665,45451.72243055556,45451.447905092595,45451.72247685185,,0.00151,,0.09151,0.13163,0.00137,0.00236,0.09916,,22.77,19.13,0.17,0.14,10.07,0.25,,,,No,No,Yes,Yes,No,No,,,,K series,K series,K series,K series,K series,K series,Kα,,,,"K24_11_FIA,B",0.853561592113711
63,K24_11_FIC,100.7675,100.7675,,0.2407,,13.8646,45.7646,0.1946,0.363,40.34,,,0.024,,0.0937,0.1246,0.035,0.0105,0.1366,,0.0,0.2388666980921428,0.0,13.758999677475375,45.41603195474732,0.1931178207259285,0.36023519487930133,40.03274865407994,0.0,,0.1721,,10.7772,27.6011,0.1507,0.2853,42.9245,18.8568,,,0.0171,,0.0728,0.0752,0.0271,0.0082,0.0638,,,0.0914,,4.1107,24.1833,0.0584,0.1035,57.1509,14.3017,,99.568,,0.954,,0.925,0.826,0.823,0.878,1.009,,,CaO,,FeO,MgO,MnO,NiO,SiO2,,,EDS,,EDS,EDS,EDS,WDS,EDS,,,Wollastonite,,Fayalite,Forsterite,Mn,UCB Standard Block 2 - NiO,Forsterite,,45451.722604166665,45451.72243055556,45451.447905092595,45451.72247685185,,0.00147,,0.09063,0.13178,0.00124,0.00239,0.09862,,22.79,19.02,0.16,0.12,9.97,0.25,,,,No,No,Yes,Yes,No,No,,,,K series,K series,K series,K series,K series,K series,Kα,,,,K24_11_FIC,0.8547321040349606
64,K24_12_FIA,100.5153,100.5153,,0.2895,,16.1587,43.7955,0.1997,0.2701,39.8017,,,0.0242,,0.0995,0.1234,0.0355,0.0098,0.1354,,0.0,0.2880161408423801,0.0,16.075877081277262,43.571022094170836,0.19867641908885425,0.268715577345516,39.59769268727516,0.0,,0.2069,,12.5604,26.4135,0.1547,0.2123,42.3623,18.6051,,,0.0173,,0.0773,0.0744,0.0275,0.0077,0.0633,,,0.1114,,4.8543,23.4491,0.0608,0.078,57.1488,14.2976,,99.657,,0.958,,0.928,0.804,0.826,0.878,1.011,,,CaO,,FeO,MgO,MnO,NiO,SiO2,,,EDS,,EDS,EDS,EDS,WDS,EDS,,,Wollastonite,,Fayalite,Forsterite,Mn,UCB Standard Block 2 - NiO,Forsterite,,45451.722604166665,45451.72243055556,45451.447905092595,45451.72247685185,,0.00177,,0.10592,0.12284,0.00128,0.00178,0.09746,,21.25,18.8,0.2,0.13,11.65,0.19,,,,No,No,Yes,Yes,No,No,,,,K series,K series,K series,K series,K series,K series,Kα,,,,K24_12_FIA,0.8285107068144977
65,K24_12_FIB,101.2437,101.2437,,0.2851,,16.3091,44.013,0.241,0.2616,40.134,,,0.0242,,0.0995,0.1241,0.0351,0.0098,0.1356,,0.0,0.2815974904142279,0.0,16.108739498122358,43.47229163662368,0.2380392675897191,0.25838619253722206,39.6409459147128,0.0,,0.2038,,12.6773,26.5447,0.1867,0.2055,42.6653,18.7604,,,0.0173,,0.0774,0.0749,0.0272,0.0077,0.0634,,,0.109,,4.8655,23.4022,0.0728,0.075,57.1585,14.317,,99.607,,0.958,,0.928,0.804,0.826,0.878,1.011,,,CaO,,FeO,MgO,MnO,NiO,SiO2,,,EDS,,EDS,EDS,EDS,WDS,EDS,,,Wollastonite,,Fayalite,Forsterite,Mn,UCB Standard Block 2 - NiO,Forsterite,,45451.722604166665,45451.72243055556,45451.447905092595,45451.72247685185,,0.00174,,0.10692,0.12337,0.00154,0.00172,0.09832,,21.34,18.96,0.2,0.15,11.76,0.18,,,,No,No,Yes,Yes,No,No,,,,K series,K series,K series,K series,K series,K series,Kα,,,,K24_12_FIB,0.8278973779318876
66,K24_13_FIA,99.491,99.491,,0.2379,,12.5728,46.2873,0.162,0.3783,39.8527,,,0.0236,,0.0894,0.1239,0.0346,0.0105,0.1352,,0.0,0.23911710606989578,0.0,12.637122955845253,46.52410770823492,0.16282879858479662,0.38023539817671953,40.05658803308842,0.0,,0.17,,9.7731,27.9164,0.1255,0.2973,42.5798,18.629,,,0.0168,,0.0695,0.0747,0.0268,0.0082,0.0632,,,0.091,,3.7557,24.6431,0.049,0.1087,57.1175,14.235,,99.652,,0.952,,0.924,0.837,0.822,0.878,1.007,,,CaO,,FeO,MgO,MnO,NiO,SiO2,,,EDS,,EDS,EDS,EDS,WDS,EDS,,,Wollastonite,,Fayalite,Forsterite,Mn,UCB Standard Block 2 - NiO,Forsterite,,45451.722604166665,45451.72243055556,45451.447905092595,45451.72247685185,,0.00145,,0.08206,0.13513,0.00103,0.00249,0.09725,,23.37,18.76,0.16,0.1,9.03,0.26,,,,No,No,Yes,Yes,No,No,,,,K series,K series,K series,K series,K series,K series,Kα,,,,K24_13_FIA,0.867768216918276
67,K24_13_FIB,99.78,99.78,,0.2529,,13.6508,45.399,0.1664,0.343,39.9679,,,0.0237,,0.0924,0.1237,0.0347,0.0102,0.1351,,0.0,0.2534576067348166,0.0,13.680897975546202,45.499098015634395,0.16676688715173382,0.34375626378031676,40.05602325115253,0.0,,0.1808,,10.611,27.3806,0.1289,0.2696,42.5264,18.6828,,,0.0169,,0.0718,0.0746,0.0269,0.008,0.0631,,,0.097,,4.0852,24.2149,0.0504,0.0987,57.1512,14.3025,,99.586,,0.954,,0.925,0.827,0.823,0.878,1.009,,,CaO,,FeO,MgO,MnO,NiO,SiO2,,,EDS,,EDS,EDS,EDS,WDS,EDS,,,Wollastonite,,Fayalite,Forsterite,Mn,UCB Standard Block 2 - NiO,Forsterite,,45451.722604166665,45451.72243055556,45451.447905092595,45451.72247685185,,0.00154,,0.08921,0.13091,0.00106,0.00226,0.09771,,22.64,18.85,0.17,0.11,9.81,0.24,,,,No,No,Yes,Yes,No,No,,,,K series,K series,K series,K series,K series,K series,Kα,,,,K24_13_FIB,0.8556633265599303
68,K24_13_FIC,100.2994,100.2994,,0.2443,,11.2632,47.6892,0.1611,0.406,40.5356,,,0.0238,,0.0857,0.1249,0.0342,0.0107,0.1364,,0.0,0.24357074917696417,0.0,11.229578641547207,47.54684474682799,0.160619106395452,0.40478806453478283,40.4145986915176,0.0,,0.1746,,8.755,28.7619,0.1248,0.3191,43.2159,18.9482,,,0.017,,0.0666,0.0754,0.0265,0.0084,0.0638,,,0.0922,,3.316,25.0235,0.048,0.115,57.1351,14.2702,,99.558,,0.95,,0.922,0.851,0.82,0.877,1.007,,,CaO,,FeO,MgO,MnO,NiO,SiO2,,,EDS,,EDS,EDS,EDS,WDS,EDS,,,Wollastonite,,Fayalite,Forsterite,Mn,UCB Standard Block 2 - NiO,Forsterite,,45451.722604166665,45451.72243055556,45451.447905092595,45451.72247685185,,0.00148,,0.07338,0.14155,0.00102,0.00267,0.09889,,24.48,19.07,0.17,0.1,8.07,0.28,,,,No,No,Yes,Yes,No,No,,,,K series,K series,K series,K series,K series,K series,Kα,,,,K24_13_FIC,0.8830051008623416
69,K24_14_FIA,99.9991,99.9991,,0.2428,,13.3079,45.8086,0.243,0.3453,40.0515,,,0.0238,,0.0916,0.1238,0.0347,0.0104,0.1355,,0.0,0.24280218521966698,0.0,13.308019772177952,45.80901228111053,0.24300218701968324,0.3453031077279696,40.0518604667442,0.0,,0.1736,,10.3444,27.6276,0.1882,0.2714,42.672,18.7219,,,0.017,,0.0712,0.0747,0.0269,0.0082,0.0633,,,0.0928,,3.9683,24.3453,0.0734,0.099,57.1404,14.2808,,99.583,,0.954,,0.925,0.83,0.823,0.878,1.009,,,CaO,,FeO,MgO,MnO,NiO,SiO2,,,EDS,,EDS,EDS,EDS,WDS,EDS,,,Wollastonite,,Fayalite,Forsterite,Mn,UCB Standard Block 2 - NiO,Forsterite,,45451.722604166665,45451.72243055556,45451.447905092595,45451.72247685185,,0.00148,,0.08694,0.13259,0.00155,0.00227,0.09787,,22.93,18.88,0.17,0.15,9.56,0.24,,,,No,No,Yes,Yes,No,No,,,,K series,K series,K series,K series,K series,K series,Kα,,,,K24_14_FIA,0.859862747131265
70,"K24_15_FIA,B",99.417,99.417,,0.2457,,12.5073,46.0489,0.1642,0.3181,40.1329,,,0.0239,,0.0894,0.1235,0.0344,0.0101,0.1351,,0.0,0.24714058245513096,0.0,12.580632506882619,46.31889282628441,0.16516273357400285,0.3199650764305134,40.36820627437332,0.0,,0.1756,,9.7221,27.7726,0.1271,0.25,42.6097,18.7599,,,0.017,,0.0695,0.0745,0.0267,0.0079,0.0631,,,0.094,,3.7368,24.5211,0.0497,0.0914,57.169,14.3379,,99.62,,0.952,,0.923,0.838,0.822,0.877,1.009,,,CaO,,FeO,MgO,MnO,NiO,SiO2,,,EDS,,EDS,EDS,EDS,WDS,EDS,,,Wollastonite,,Fayalite,Forsterite,Mn,UCB Standard Block 2 - NiO,Forsterite,,45451.722604166665,45451.72243055556,45451.447905092595,45451.72247685185,,0.00149,,0.08161,0.13459,0.00104,0.00209,0.09811,,23.28,18.93,0.17,0.1,8.98,0.22,,,,No,No,Yes,Yes,No,No,,,,K series,K series,K series,K series,K series,K series,Kα,,,,"K24_15_FIA,B",0.8677750472242967
71,K24_16_FIA,100.8978,100.8978,,0.263,,16.2077,44.1212,0.2447,0.2588,39.8025,,,0.0243,,0.0992,0.1238,0.0355,0.0097,0.1351,,0.0,0.26065953800822417,0.0,16.06346613755093,43.72856124854928,0.24252239144719562,0.25649691420733234,39.44829377023705,0.0,,0.188,,12.5985,26.6099,0.1895,0.2034,42.503,18.6055,,,0.0174,,0.0771,0.0747,0.0275,0.0076,0.0631,,,0.1008,,4.8506,23.5342,0.0742,0.0745,57.1219,14.2438,,99.62,,0.958,,0.928,0.804,0.826,0.878,1.01,,,CaO,,FeO,MgO,MnO,NiO,SiO2,,,EDS,,EDS,EDS,EDS,WDS,EDS,,,Wollastonite,,Fayalite,Forsterite,Mn,UCB Standard Block 2 - NiO,Forsterite,,45451.722604166665,45451.72243055556,45451.447905092595,45451.72247685185,,0.00161,,0.10625,0.12379,0.00156,0.0017,0.09737,,21.41,18.78,0.18,0.16,11.69,0.18,,,,No,No,Yes,Yes,No,No,,,,K series,K series,K series,K series,K series,K series,Kα,,,,K24_16_FIA,0.8291323358117434
72,K24_16_FIB,100.6358,100.6358,,0.2849,,15.9048,44.1577,0.2391,0.2888,39.7604,,,0.0241,,0.0985,0.1237,0.0357,0.0099,0.135,,0.0,0.28310033119459593,0.0,15.804331862351034,43.87876270548126,0.23758964264172655,0.2869756955036831,39.509239762827704,0.0,,0.2036,,12.3631,26.632,0.1852,0.2269,42.4391,18.5858,,,0.0172,,0.0765,0.0746,0.0276,0.0078,0.0631,,,0.1094,,4.7674,23.5907,0.0726,0.0832,57.1256,14.2511,,99.62,,0.958,,0.927,0.806,0.825,0.878,1.01,,,CaO,,FeO,MgO,MnO,NiO,SiO2,,,EDS,,EDS,EDS,EDS,WDS,EDS,,,Wollastonite,,Fayalite,Forsterite,Mn,UCB Standard Block 2 - NiO,Forsterite,,45451.722604166665,45451.72243055556,45451.447905092595,45451.72247685185,,0.00174,,0.10424,0.1242,0.00153,0.0019,0.09727,,21.48,18.76,0.2,0.15,11.47,0.2,,,,No,No,Yes,Yes,No,No,,,,K series,K series,K series,K series,K series,K series,Kα,,,,K24_16_FIB,0.831904142586019
73,K24_9_FIA,100.6037,100.6037,,0.264,,14.7855,44.8861,0.2202,0.2824,40.1656,,,0.0241,,0.0955,0.1238,0.0351,0.01,0.1355,,0.0,0.262415534999672,0.0,14.696760957339583,44.616704339199906,0.21887841214745365,0.28070510259055814,39.92453565372281,0.0,,0.1887,,11.493,27.0713,0.1705,0.2219,42.6831,18.7752,,,0.0172,,0.0742,0.0747,0.0272,0.0078,0.0633,,,0.1009,,4.4093,23.8577,0.0665,0.081,57.1615,14.3231,,99.669,,0.956,,0.926,0.817,0.824,0.878,1.01,,,CaO,,FeO,MgO,MnO,NiO,SiO2,,,EDS,,EDS,EDS,EDS,WDS,EDS,,,Wollastonite,,Fayalite,Forsterite,Mn,UCB Standard Block 2 - NiO,Forsterite,,45451.722604166665,45451.72243055556,45451.447905092595,45451.72247685185,,0.00161,,0.09674,0.12792,0.00141,0.00186,0.09831,,22.12,18.96,0.18,0.14,10.64,0.19,,,,No,No,Yes,Yes,No,No,,,,K series,K series,K series,K series,K series,K series,Kα,,,,K24_9_FIA,0.8440291178378186
74,KL0919_009_FIA,101.7661,101.7661,,0.2635,,10.8836,48.7369,0.1595,0.4089,41.3136,,,0.0259,,0.0919,0.1361,0.0367,0.0112,0.1492,,0.0,0.2589273431204921,0.0,10.69473104966295,47.89114242477841,0.1567321109211328,0.401804138906904,40.59666293261011,0.0,,0.1884,,8.46,29.3938,0.1235,0.3214,43.9672,19.3118,,,0.0185,,0.0714,0.0821,0.0284,0.0088,0.0698,,,0.0977,,3.1503,25.1427,0.0468,0.1138,57.1496,14.2992,,99.125,,0.949,,0.921,0.857,0.82,0.877,1.007,,,CaO,,FeO,MgO,MnO,NiO,SiO2,,,EDS,,EDS,EDS,EDS,WDS,EDS,,,Wollastonite,,Fayalite,Forsterite,Mn,UCB Standard Block 2 - NiO,Forsterite,,45451.722604166665,45451.72243055556,45451.447905092595,45451.72247685185,,0.0016,,0.07085,0.1456,0.00101,0.00269,0.10081,,25.18,19.45,0.18,0.1,7.79,0.28,,,,No,No,Yes,Yes,No,No,,,,K series,K series,K series,K series,K series,K series,Kα,,,,KL0919_009_FIA,0.8886688753609742
75,SanCarlos_crystal1_5,99.0188,99.0188,,0.0982,,9.6419,48.2724,0.144,0.3698,40.4924,,,0.0225,,0.0808,0.1242,0.0338,0.0105,0.1363,,0.0,0.09917318647891761,0.0,9.73745363249568,48.750791517157865,0.14542707589576512,0.3734648101823191,40.89368977778945,0.0,,0.0702,,7.4948,29.1136,0.1115,0.2906,43.01,18.928,,,0.0161,,0.0628,0.0749,0.0262,0.0082,0.0637,,,0.0372,,2.8538,25.4643,0.0432,0.1053,57.1654,14.3308,,99.28,,0.947,,0.92,0.868,0.819,0.877,1.006,,,CaO,,FeO,MgO,MnO,NiO,SiO2,,,EDS,,EDS,EDS,EDS,WDS,EDS,,,Wollastonite,,Fayalite,Forsterite,Mn,UCB Standard Block 2 - NiO,Forsterite,,2024-06-08 17:20:33,2024-06-08 17:20:18,2024-06-08 10:44:59,2024-06-08 17:20:22,,0.00059,,0.06268,0.1461,0.00091,0.00243,0.09873,,25.27,19.04,0.07,0.09,6.9,0.25,,,,No,No,Yes,Yes,No,No,,,,K series,K series,K series,K series,K series,K series,Kα,,,,SanCarlos_crystal1_5,0.8992372573769268
76,SanCarlos_crystal1_6,99.2508,99.2508,,0.0918,,9.6157,48.5266,0.1352,0.3489,40.5327,,,0.0242,,0.0869,0.1341,0.0367,0.0109,0.147,,0.0,0.09249286404455777,0.0,9.688274867028912,48.89285638719648,0.13622042722030728,0.35153333622163624,40.838622118288086,0.0,,0.0656,,7.4744,29.2669,0.1047,0.2742,43.1182,18.9468,,,0.0173,,0.0676,0.0809,0.0284,0.0085,0.0687,,,0.0347,,2.8382,25.5286,0.0404,0.099,57.153,14.306,,99.237,,0.947,,0.92,0.869,0.819,0.877,1.006,,,CaO,,FeO,MgO,MnO,NiO,SiO2,,,EDS,,EDS,EDS,EDS,WDS,EDS,,,Wollastonite,,Fayalite,Forsterite,Mn,UCB Standard Block 2 - NiO,Forsterite,,2024-06-08 17:20:33,2024-06-08 17:20:18,2024-06-08 10:44:59,2024-06-08 17:20:22,,0.00056,,0.0625,0.14705,0.00086,0.00229,0.09878,,25.43,19.05,0.06,0.09,6.88,0.24,,,,No,No,Yes,Yes,No,No,,,,K series,K series,K series,K series,K series,K series,Kα,,,,SanCarlos_crystal1_6,0.8999574041330337
77,SanCarlos_crystal1_7,99.4287,99.4288,,0.089,,9.6861,48.4618,0.1242,0.3515,40.7161,,,0.0245,,0.0873,0.1344,0.0366,0.0109,0.1478,,0.0,0.08951137850540136,0.0,9.741754644282787,48.74025306576472,0.12491363157720056,0.3535196578050402,40.95004762206486,0.0,,0.0636,,7.5292,29.2278,0.0962,0.2762,43.2031,19.0326,,,0.0175,,0.0679,0.0811,0.0283,0.0085,0.0691,,,0.0336,,2.8545,25.4537,0.0371,0.0996,57.1739,14.3477,,99.163,,0.947,,0.92,0.868,0.819,0.877,1.007,,,CaO,,FeO,MgO,MnO,NiO,SiO2,,,EDS,,EDS,EDS,EDS,WDS,EDS,,,Wollastonite,,Fayalite,Forsterite,Mn,UCB Standard Block 2 - NiO,Forsterite,,2024-06-08 17:20:33,2024-06-08 17:20:18,2024-06-08 10:44:59,2024-06-08 17:20:22,,0.00054,,0.06296,0.14674,0.00079,0.00231,0.0993,,25.38,19.15,0.06,0.08,6.93,0.24,,,,No,No,Yes,Yes,No,No,,,,K series,K series,K series,K series,K series,K series,Kα,,,,SanCarlos_crystal1_7,0.899177639308933
78,Springwater_6,99.5713,99.5713,,0.0193,,16.4409,43.3241,0.3537,0.0118,39.4216,,,0.0222,,0.1005,0.1232,0.0364,0.0077,0.1348,,0.0,0.019383075863149458,0.0,16.51166901339139,43.510586373195515,0.35522248356455766,0.011850792496640599,39.591288261488735,0.0,,0.0138,,12.7798,26.1292,0.2739,0.0093,41.9379,18.4274,,,0.0159,,0.0781,0.0743,0.0282,0.0061,0.063,,,0.0075,,4.9894,23.433,0.1087,0.0034,57.1527,14.3053,,99.157,,0.959,,0.928,0.803,0.826,0.878,1.011,,,CaO,,FeO,MgO,MnO,NiO,SiO2,,,EDS,,EDS,EDS,EDS,WDS,EDS,,,Wollastonite,,Fayalite,Forsterite,Mn,UCB Standard Block 2 - NiO,Forsterite,,2024-06-08 17:20:33,2024-06-08 17:20:18,2024-06-08 10:44:59,2024-06-08 17:20:22,,0.00012,,0.10777,0.12134,0.00226,8e-05,0.09652,,20.99,18.62,0.01,0.23,11.86,0.01,,,,No,No,Yes,Yes,No,No,,,,K series,K series,K series,K series,K series,K series,Kα,,,,Springwater_6,0.8244761649420809
79,Springwater_7,99.7477,99.7477,,0.0289,,16.5446,43.2983,0.3374,-0.009,39.5475,,,0.0223,,0.1002,0.1231,0.0362,0.0076,0.1347,,0.0,0.028970485190468413,0.0,16.584951186236115,43.40390169281862,0.3382228963067142,0.0,39.64395373944808,0.0,,0.0207,,12.8604,26.1137,0.2613,-0.0071,42.0125,18.4863,,,0.0159,,0.0779,0.0742,0.0281,0.0059,0.063,,,0.0112,,5.0129,23.3822,0.1035,-0.0026,57.1642,14.3285,,99.154,,0.959,,0.928,0.802,0.826,0.878,1.011,,,CaO,,FeO,MgO,MnO,NiO,SiO2,,,EDS,,EDS,EDS,EDS,WDS,EDS,,,Wollastonite,,Fayalite,Forsterite,Mn,UCB Standard Block 2 - NiO,Forsterite,,2024-06-08 17:20:33,2024-06-08 17:20:18,2024-06-08 10:44:59,2024-06-08 17:20:22,,0.00018,,0.10845,0.12119,0.00216,-6e-05,0.09687,,20.96,18.69,0.02,0.22,11.93,-0.01,,,,No,No,Yes,Yes,No,No,,,,K series,K series,K series,K series,K series,K series,Kα,,,,Springwater_7,0.8234778178248442
80,Springwater_8_Aftervent,99.9483,99.9483,,-0.0007,,16.592,43.4498,0.353,0.0027,39.5514,,,0.0192,,0.0865,0.1063,0.0311,0.0072,0.1161,,0.0,0.0,0.0,16.60048284673468,43.472014199255824,0.3531804752228388,0.002701380405387153,39.57162109838127,0.0,,-0.0005,,12.8972,26.205,0.2734,0.0021,42.0828,18.4881,,,0.0137,,0.0672,0.0641,0.0241,0.0056,0.0543,,,-0.0003,,5.0178,23.4195,0.1081,0.0008,57.1513,14.3027,,99.762,,0.959,,0.928,0.802,0.826,0.878,1.011,,,CaO,,FeO,MgO,MnO,NiO,SiO2,,,EDS,,EDS,EDS,EDS,WDS,EDS,,,Wollastonite,,Fayalite,Forsterite,Mn,UCB Standard Block 2 - NiO,Forsterite,,2024-06-08 17:20:33,2024-06-08 17:20:18,2024-06-08 10:44:59,2024-06-08 17:20:22,,0.0,,0.10877,0.1216,0.00226,2e-05,0.09683,,21.03,18.68,0.0,0.23,11.97,0.0,,,,No,No,Yes,Yes,No,No,,,,K series,K series,K series,K series,K series,K series,Kα,,,,Springwater_8_Aftervent,0.8235696662280494
81,K24_33_DffCryst,100.7047,100.7047,,0.226,,11.27,47.8784,0.1715,0.4094,40.7493,,,0.0224,,0.0805,0.1177,0.0323,0.0103,0.1289,,0.0,0.22441874551907262,0.0,11.191147176990922,47.54340913920516,0.17030006573681838,0.40653555051109885,40.46418932203692,0.0,,0.1615,,8.7603,28.876,0.1328,0.3217,43.4042,19.0481,,,0.016,,0.0626,0.071,0.0251,0.0081,0.0602,,,0.0849,,3.304,25.0171,0.0509,0.1154,57.1425,14.2851,,99.485,,0.95,,0.922,0.851,0.82,0.877,1.007,,,CaO,,FeO,MgO,MnO,NiO,SiO2,,,EDS,,EDS,EDS,EDS,WDS,EDS,,,Wollastonite,,Fayalite,Forsterite,Mn,UCB Standard Block 2 - NiO,Forsterite,,2024-06-08 17:20:33,2024-06-08 17:20:18,2024-06-08 10:44:59,2024-06-08 17:20:22,,0.00137,,0.07342,0.14217,0.00109,0.00269,0.09943,,24.59,19.18,0.15,0.11,8.08,0.28,,,,No,No,Yes,Yes,No,No,,,,K series,K series,K series,K series,K series,K series,Kα,,,,K24_33_DffCryst,0.8833513491539452
82,K24_34_DiffCryst,101.1342,101.1342,,0.2414,,13.4618,46.1262,0.1746,0.3945,40.7357,,,0.0239,,0.092,0.1245,0.0343,0.0106,0.1368,,0.0,0.23869274686505654,0.0,13.310828582220458,45.608903812953486,0.17264189561987936,0.3900757607218924,40.27885720161924,0.0,,0.1725,,10.4641,27.8192,0.1352,0.31,43.1914,19.0417,,,0.0171,,0.0715,0.0751,0.0266,0.0083,0.0639,,,0.0912,,3.9686,24.2361,0.0521,0.1118,57.18,14.3601,,99.369,,0.954,,0.925,0.83,0.823,0.878,1.01,,,CaO,,FeO,MgO,MnO,NiO,SiO2,,,EDS,,EDS,EDS,EDS,WDS,EDS,,,Wollastonite,,Fayalite,Forsterite,Mn,UCB Standard Block 2 - NiO,Forsterite,,2024-06-08 17:20:33,2024-06-08 17:20:18,2024-06-08 10:44:59,2024-06-08 17:20:22,,0.00147,,0.08795,0.13347,0.00111,0.00259,0.09966,,23.08,19.22,0.16,0.11,9.67,0.27,,,,No,No,Yes,Yes,No,No,,,,K series,K series,K series,K series,K series,K series,Kα,,,,K24_34_DiffCryst,0.859308872975683
83,K24_34_FIA,101.4023,101.4023,,0.2677,,13.6619,46.1901,0.2123,0.3322,40.7381,,,0.0242,,0.0929,0.1253,0.035,0.0102,0.1372,,0.0,0.2639979566538431,0.0,13.472968561857076,45.55133364825058,0.2093640874023567,0.32760598132389496,40.17472976451224,0.0,,0.1913,,10.6196,27.8577,0.1644,0.2611,43.2653,19.0428,,,0.0173,,0.0722,0.0756,0.0271,0.008,0.0641,,,0.1009,,4.0198,24.2225,0.0633,0.094,57.1665,14.333,,99.158,,0.954,,0.925,0.829,0.823,0.878,1.01,,,CaO,,FeO,MgO,MnO,NiO,SiO2,,,EDS,,EDS,EDS,EDS,WDS,EDS,,,Wollastonite,,Fayalite,Forsterite,Mn,UCB Standard Block 2 - NiO,Forsterite,,2024-06-08 17:20:33,2024-06-08 17:20:18,2024-06-08 10:44:59,2024-06-08 17:20:22,,0.00163,,0.08926,0.13348,0.00135,0.00219,0.09965,,23.09,19.22,0.18,0.14,9.82,0.23,,,,No,No,Yes,Yes,No,No,,,,K series,K series,K series,K series,K series,K series,Kα,,,,K24_34_FIA,0.8576846364677182
84,K24_36_FIA,100.8815,100.8815,,0.2199,,12.7717,46.7699,0.1711,0.3644,40.5846,,,0.0237,,0.09,0.1253,0.0345,0.0104,0.137,,0.0,0.21797830327829854,0.0,12.660088658387652,46.3611798385434,0.16960476439707536,0.3612155239409367,40.22993291145263,0.0,,0.1572,,9.9276,28.2074,0.1325,0.2863,43.1994,18.9711,,,0.017,,0.07,0.0756,0.0267,0.0082,0.0641,,,0.083,,3.7624,24.5561,0.0511,0.1032,57.1481,14.2962,,99.218,,0.952,,0.924,0.837,0.822,0.878,1.008,,,CaO,,FeO,MgO,MnO,NiO,SiO2,,,EDS,,EDS,EDS,EDS,WDS,EDS,,,Wollastonite,,Fayalite,Forsterite,Mn,UCB Standard Block 2 - NiO,Forsterite,,2024-06-08 17:20:33,2024-06-08 17:20:18,2024-06-08 10:44:59,2024-06-08 17:20:22,,0.00134,,0.08336,0.13652,0.00109,0.0024,0.09914,,23.61,19.12,0.15,0.11,9.17,0.25,,,,No,No,Yes,Yes,No,No,,,,K series,K series,K series,K series,K series,K series,Kα,,,,K24_36_FIA,0.8671561292033481
85,K24_36_FIB,100.8552,100.8552,,0.2412,,12.5609,47.0249,0.1715,0.3696,40.4871,,,0.0236,,0.0899,0.1254,0.0346,0.0105,0.1371,,0.0,0.23915474859005784,0.0,12.454390056239044,46.62615313836074,0.17004576858704362,0.36646598291411847,40.143790305309,0.0,,0.1724,,9.7638,28.3612,0.1328,0.2905,43.209,18.9255,,,0.0169,,0.0698,0.0757,0.0268,0.0083,0.0641,,,0.091,,3.6981,24.6752,0.0511,0.1046,57.1266,14.2533,,99.21,,0.952,,0.923,0.839,0.822,0.878,1.007,,,CaO,,FeO,MgO,MnO,NiO,SiO2,,,EDS,,EDS,EDS,EDS,WDS,EDS,,,Wollastonite,,Fayalite,Forsterite,Mn,UCB Standard Block 2 - NiO,Forsterite,,2024-06-08 17:20:33,2024-06-08 17:20:18,2024-06-08 10:44:59,2024-06-08 17:20:22,,0.00147,,0.08196,0.13761,0.00109,0.00243,0.09882,,23.8,19.06,0.16,0.11,9.02,0.25,,,,No,No,Yes,Yes,No,No,,,,K series,K series,K series,K series,K series,K series,Kα,,,,K24_36_FIB,0.8696791531603143
86,K24_36_FIC,100.9089,100.9089,,0.227,,12.661,46.9136,0.2182,0.3869,40.5021,,,0.0239,,0.0901,0.1252,0.0343,0.0106,0.1369,,0.0,0.2249556034756136,0.0,12.546973108390944,46.49108898331959,0.21623485761400393,0.3834155197564534,40.13733192744339,0.0,,0.1622,,9.8416,28.2941,0.169,0.3041,43.2054,18.9325,,,0.0171,,0.07,0.0755,0.0266,0.0083,0.064,,,0.0856,,3.7281,24.6205,0.0651,0.1096,57.1304,14.2607,,99.156,,0.952,,0.924,0.837,0.822,0.878,1.008,,,CaO,,FeO,MgO,MnO,NiO,SiO2,,,EDS,,EDS,EDS,EDS,WDS,EDS,,,Wollastonite,,Fayalite,Forsterite,Mn,UCB Standard Block 2 - NiO,Forsterite,,2024-06-08 17:20:33,2024-06-08 17:20:18,2024-06-08 10:44:59,2024-06-08 17:20:22,,0.00138,,0.08263,0.13703,0.00139,0.00254,0.09887,,23.7,19.07,0.15,0.14,9.09,0.27,,,,No,No,Yes,Yes,No,No,,,,K series,K series,K series,K series,K series,K series,Kα,,,,K24_36_FIC,0.8685065020637057
87,K24_37_FIA,101.6943,101.6943,,0.2443,,11.0557,48.4583,0.1569,0.4039,41.3751,,,0.0239,,0.0857,0.1262,0.0343,0.0107,0.1383,,0.0,0.24023002295116136,0.0,10.871514796320733,47.65099681201091,0.15428608514546552,0.39717112677025823,40.685801156801475,0.0,,0.1746,,8.5937,29.2258,0.1215,0.3174,43.9206,19.3406,,,0.0171,,0.0666,0.0761,0.0266,0.0084,0.0647,,,0.0907,,3.2046,25.0346,0.0461,0.1126,57.1705,14.3409,,99.189,,0.949,,0.921,0.855,0.82,0.877,1.008,,,CaO,,FeO,MgO,MnO,NiO,SiO2,,,EDS,,EDS,EDS,EDS,WDS,EDS,,,Wollastonite,,Fayalite,Forsterite,Mn,UCB Standard Block 2 - NiO,Forsterite,,2024-06-08 17:20:33,2024-06-08 17:20:18,2024-06-08 10:44:59,2024-06-08 17:20:22,,0.00148,,0.07199,0.14446,0.001,0.00266,0.10104,,24.99,19.49,0.17,0.1,7.92,0.28,,,,No,No,Yes,Yes,No,No,,,,K series,K series,K series,K series,K series,K series,Kα,,,,K24_37_FIA,0.8865317582537959
88,K24_38_centerofclump,100.5758,100.5758,,0.2561,,11.7687,47.2634,0.2265,0.3893,40.6717,,,0.0239,,0.0872,0.1252,0.0345,0.0106,0.1372,,0.0,0.25463407164951374,0.0,11.701335412032925,46.992862092930984,0.22520350343074916,0.3870716286339543,40.43889329132186,0.0,,0.1831,,9.148,28.5051,0.1754,0.306,43.2465,19.0118,,,0.0171,,0.0678,0.0755,0.0267,0.0083,0.0641,,,0.0966,,3.4637,24.7919,0.0675,0.1102,57.1567,14.3134,,98.998,,0.951,,0.923,0.846,0.821,0.877,1.008,,,CaO,,FeO,MgO,MnO,NiO,SiO2,,,EDS,,EDS,EDS,EDS,WDS,EDS,,,Wollastonite,,Fayalite,Forsterite,Mn,UCB Standard Block 2 - NiO,Forsterite,,2024-06-08 17:20:33,2024-06-08 17:20:18,2024-06-08 10:44:59,2024-06-08 17:20:22,,0.00156,,0.07672,0.1394,0.00144,0.00256,0.09934,,24.11,19.16,0.17,0.14,8.44,0.27,,,,No,No,Yes,Yes,No,No,,,,K series,K series,K series,K series,K series,K series,Kα,,,,K24_38_centerofclump,0.8774315400174151
89,K24_38_FIA,101.8126,101.8126,,0.2493,,12.951,47.065,0.2321,0.3533,40.962,,,0.024,,0.0913,0.1262,0.035,0.0105,0.138,,0.0,0.24486139744845192,0.0,12.720417001022465,46.2270424023722,0.2279676307572631,0.3470097541858727,40.232701814213755,0.0,,0.1782,,10.067,28.3854,0.1797,0.2776,43.5772,19.1475,,,0.0172,,0.071,0.0761,0.0271,0.0082,0.0645,,,0.0933,,3.7824,24.4987,0.0687,0.0992,57.1526,14.3051,,98.933,,0.953,,0.924,0.836,0.822,0.878,1.009,,,CaO,,FeO,MgO,MnO,NiO,SiO2,,,EDS,,EDS,EDS,EDS,WDS,EDS,,,Wollastonite,,Fayalite,Forsterite,Mn,UCB Standard Block 2 - NiO,Forsterite,,2024-06-08 17:20:33,2024-06-08 17:20:18,2024-06-08 10:44:59,2024-06-08 17:20:22,,0.00152,,0.08453,0.13721,0.00148,0.00232,0.1001,,23.73,19.31,0.17,0.15,9.3,0.24,,,,No,No,Yes,Yes,No,No,,,,K series,K series,K series,K series,K series,K series,Kα,,,,K24_38_FIA,0.8662722336140233
90,K24_39_FIA,99.3282,99.3282,,0.2476,,14.9381,44.0529,0.2442,0.3231,39.5223,,,0.0239,,0.0959,0.123,0.0349,0.0102,0.1346,,0.0,0.24927462694380853,0.0,15.039132894787183,44.35084900360623,0.24585163125879658,0.3252852664198083,39.789606576984184,0.0,,0.1769,,11.6116,26.5688,0.1892,0.2539,42.0533,18.4745,,,0.0171,,0.0745,0.0742,0.027,0.008,0.0629,,,0.096,,4.5207,23.7612,0.0749,0.094,57.1511,14.3021,,99.062,,0.957,,0.927,0.813,0.825,0.878,1.01,,,CaO,,FeO,MgO,MnO,NiO,SiO2,,,EDS,,EDS,EDS,EDS,WDS,EDS,,,Wollastonite,,Fayalite,Forsterite,Mn,UCB Standard Block 2 - NiO,Forsterite,,2024-06-08 17:20:33,2024-06-08 17:20:18,2024-06-08 10:44:59,2024-06-08 17:20:22,,0.00151,,0.09781,0.12494,0.00156,0.00213,0.09672,,21.61,18.66,0.17,0.16,10.76,0.22,,,,No,No,Yes,Yes,No,No,,,,K series,K series,K series,K series,K series,K series,Kα,,,,K24_39_FIA,0.8401725707110967
91,K24_39_FIB,99.0178,99.0178,,0.2431,,13.155,45.3854,0.2401,0.3548,39.6395,,,0.0238,,0.0909,0.1235,0.0344,0.0104,0.1348,,0.0,0.24551116515296728,0.0,13.285476666340127,45.83555094583908,0.24248140992689204,0.3583190514038371,40.03266076133709,0.0,,0.1737,,10.2256,27.3724,0.1859,0.2788,42.252,18.5293,,,0.017,,0.0706,0.0745,0.0266,0.0081,0.063,,,0.0938,,3.9614,24.3587,0.0732,0.1027,57.1367,14.2735,,98.921,,0.954,,0.925,0.83,0.823,0.878,1.008,,,CaO,,FeO,MgO,MnO,NiO,SiO2,,,EDS,,EDS,EDS,EDS,WDS,EDS,,,Wollastonite,,Fayalite,Forsterite,Mn,UCB Standard Block 2 - NiO,Forsterite,,2024-06-08 17:20:33,2024-06-08 17:20:18,2024-06-08 10:44:59,2024-06-08 17:20:22,,0.00148,,0.08594,0.13139,0.00153,0.00233,0.09685,,22.73,18.68,0.17,0.15,9.45,0.24,,,,No,No,Yes,Yes,No,No,,,,K series,K series,K series,K series,K series,K series,Kα,,,,K24_39_FIB,0.8601366034514631
92,K24_40_FIA,102.4236,102.4236,,0.2372,,10.9954,48.9169,0.1752,0.3539,41.745,,,0.0239,,0.085,0.1267,0.0343,0.0103,0.1386,,0.0,0.2315872513756595,0.0,10.735221179493788,47.75940310631533,0.17105432732299974,0.3455258358425206,40.75720829964968,0.0,,0.1695,,8.5469,29.5023,0.1357,0.2781,44.2775,19.5135,,,0.0171,,0.0661,0.0764,0.0266,0.0081,0.0648,,,0.0874,,3.1618,25.0707,0.051,0.0979,57.1771,14.3541,,98.967,,0.949,,0.921,0.857,0.82,0.877,1.008,,,CaO,,FeO,MgO,MnO,NiO,SiO2,,,EDS,,EDS,EDS,EDS,WDS,EDS,,,Wollastonite,,Fayalite,Forsterite,Mn,UCB Standard Block 2 - NiO,Forsterite,,2024-06-08 17:20:33,2024-06-08 17:20:18,2024-06-08 10:44:59,2024-06-08 17:20:22,,0.00144,,0.07157,0.14617,0.00111,0.00233,0.10197,,25.28,19.67,0.16,0.11,7.87,0.24,,,,No,No,Yes,Yes,No,No,,,,K series,K series,K series,K series,K series,K series,Kα,,,,K24_40_FIA,0.8880208365686062
93,K24_40_core,100.1599,100.1599,,0.2894,,10.4984,48.0578,0.1526,0.3935,40.7682,,,0.0239,,0.0837,0.1251,0.034,0.0106,0.137,,0.0,0.28893798815693705,0.0,10.481639857867272,47.98107825586887,0.15235638214495026,0.39287179799500604,40.70311571796697,0.0,,0.2068,,8.1606,28.9842,0.1182,0.3092,43.324,19.0569,,,0.0171,,0.0651,0.0754,0.0264,0.0083,0.064,,,0.1089,,3.0845,25.1656,0.0454,0.1112,57.1614,14.3229,,98.986,,0.949,,0.921,0.859,0.819,0.877,1.008,,,CaO,,FeO,MgO,MnO,NiO,SiO2,,,EDS,,EDS,EDS,EDS,WDS,EDS,,,Wollastonite,,Fayalite,Forsterite,Mn,UCB Standard Block 2 - NiO,Forsterite,,2024-06-08 17:20:33,2024-06-08 17:20:18,2024-06-08 10:44:59,2024-06-08 17:20:22,,0.00175,,0.06832,0.14395,0.00097,0.00259,0.09953,,24.9,19.2,0.2,0.1,7.52,0.27,,,,No,No,Yes,Yes,No,No,,,,K series,K series,K series,K series,K series,K series,Kα,,,,K24_40_core,0.8908271537956668
94,SanCarlos_crystal1_10,99.3271,99.3271,,0.0886,,9.7758,48.3786,0.1143,0.3632,40.6066,,,0.0225,,0.0808,0.1243,0.0337,0.0104,0.1364,,0.0,0.08920022833647616,0.0,9.842026999680854,48.70634499547455,0.1150743352015714,0.36566052970438084,40.88169291160217,0.0,,0.0633,,7.5988,29.1776,0.0886,0.2854,43.1319,18.9814,,,0.0161,,0.0628,0.075,0.0261,0.0082,0.0638,,,0.0335,,2.8852,25.4481,0.0342,0.1031,57.1653,14.3306,,99.023,,0.947,,0.92,0.867,0.819,0.877,1.006,,,CaO,,FeO,MgO,MnO,NiO,SiO2,,,EDS,,EDS,EDS,EDS,WDS,EDS,,,Wollastonite,,Fayalite,Forsterite,Mn,UCB Standard Block 2 - NiO,Forsterite,,2024-06-08 17:20:33,2024-06-08 17:20:18,2024-06-08 10:44:59,2024-06-08 17:20:22,,0.00054,,0.06355,0.14631,0.00073,0.00239,0.09901,,25.31,19.1,0.06,0.07,6.99,0.25,,,,No,No,Yes,Yes,No,No,,,,K series,K series,K series,K series,K series,K series,Kα,,,,SanCarlos_crystal1_10,0.8981818414447281
95,SanCarlos_crystal1_11,99.8221,99.8221,,0.1278,,9.7394,48.6085,0.1689,0.3686,40.8087,,,0.0245,,0.0875,0.1342,0.0366,0.0111,0.1474,,0.0,0.12802801789987966,0.0,9.756776819515556,48.695226197858375,0.1692013476000757,0.3692576478708579,40.88150996925524,0.0,,0.0913,,7.5706,29.3163,0.1308,0.2897,43.3474,19.0759,,,0.0175,,0.068,0.081,0.0283,0.0087,0.0689,,,0.0481,,2.8602,25.4419,0.0502,0.1041,57.1652,14.3303,,98.965,,0.947,,0.92,0.867,0.819,0.877,1.007,,,CaO,,FeO,MgO,MnO,NiO,SiO2,,,EDS,,EDS,EDS,EDS,WDS,EDS,,,Wollastonite,,Fayalite,Forsterite,Mn,UCB Standard Block 2 - NiO,Forsterite,,2024-06-08 17:20:33,2024-06-08 17:20:18,2024-06-08 10:44:59,2024-06-08 17:20:22,,0.00077,,0.06332,0.14705,0.00107,0.00242,0.09953,,25.43,19.2,0.09,0.11,6.97,0.25,,,,No,No,Yes,Yes,No,No,,,,K series,K series,K series,K series,K series,K series,Kα,,,,SanCarlos_crystal1_11,0.8989539409313095
96,SanCarlos_crystal1_12,99.3757,99.3757,,0.1111,,9.5884,48.405,0.1058,0.3686,40.7968,,,0.0225,,0.0812,0.1247,0.0338,0.0104,0.137,,0.0,0.11179795463075984,0.0,9.648636437277927,48.70909085420279,0.10646465886529606,0.37091562625470814,41.05309446876852,0.0,,0.0794,,7.4532,29.1936,0.0819,0.2897,43.2076,19.0703,,,0.0161,,0.0631,0.0752,0.0262,0.0082,0.064,,,0.042,,2.8261,25.4281,0.0316,0.1045,57.1893,14.3785,,98.885,,0.947,,0.92,0.869,0.819,0.877,1.007,,,CaO,,FeO,MgO,MnO,NiO,SiO2,,,EDS,,EDS,EDS,EDS,WDS,EDS,,,Wollastonite,,Fayalite,Forsterite,Mn,UCB Standard Block 2 - NiO,Forsterite,,2024-06-08 17:20:33,2024-06-08 17:20:18,2024-06-08 10:44:59,2024-06-08 17:20:22,,0.00067,,0.06232,0.1467,0.00067,0.00242,0.09956,,25.37,19.2,0.08,0.07,6.86,0.25,,,,No,No,Yes,Yes,No,No,,,,K series,K series,K series,K series,K series,K series,Kα,,,,SanCarlos_crystal1_12,0.8999874856964339
97,Springwater_11,99.7702,99.7702,,-0.0057,,16.5258,43.4693,0.31,-0.0031,39.4739,,,0.0239,,0.1076,0.1324,0.0388,0.0086,0.1448,,0.0,0.0,0.0,16.562402910432056,43.56557993164894,0.31068661742450815,0.0,39.561330540494495,0.0,,-0.0041,,12.8457,26.2168,0.2401,-0.0024,42.0222,18.4519,,,0.0171,,0.0836,0.0799,0.0301,0.0067,0.0677,,,-0.0022,,5.0046,23.4621,0.0951,-0.0009,57.1471,14.2942,,98.893,,0.959,,0.928,0.803,0.826,0.878,1.01,,,CaO,,FeO,MgO,MnO,NiO,SiO2,,,EDS,,EDS,EDS,EDS,WDS,EDS,,,Wollastonite,,Fayalite,Forsterite,Mn,UCB Standard Block 2 - NiO,Forsterite,,2024-06-08 17:20:33,2024-06-08 17:20:18,2024-06-08 10:44:59,2024-06-08 17:20:22,,-3e-05,,0.10833,0.12177,0.00198,-2e-05,0.09662,,21.06,18.64,0.0,0.2,11.92,0.0,,,,No,No,Yes,Yes,No,No,,,,K series,K series,K series,K series,K series,K series,Kα,,,,Springwater_11,0.8242148322986053
98,Springwater_12,100.2776,100.2776,,0.008,,16.6025,43.6501,0.3402,0.0032,39.6736,,,0.021,,0.0943,0.116,0.0341,0.0072,0.1267,,0.0,0.007977853478743009,0.0,16.55653904760385,43.52926276656003,0.33925821918354643,0.003191141391497204,39.56377097178233,0.0,,0.0057,,12.9053,26.3258,0.2635,0.0025,42.2294,18.5452,,,0.015,,0.0733,0.0699,0.0264,0.0057,0.0592,,,0.0031,,5.0032,23.4445,0.1038,0.0009,57.1481,14.2962,,98.897,,0.959,,0.928,0.803,0.826,0.878,1.01,,,CaO,,FeO,MgO,MnO,NiO,SiO2,,,EDS,,EDS,EDS,EDS,WDS,EDS,,,Wollastonite,,Fayalite,Forsterite,Mn,UCB Standard Block 2 - NiO,Forsterite,,2024-06-08 17:20:33,2024-06-08 17:20:18,2024-06-08 10:44:59,2024-06-08 17:20:22,,5e-05,,0.10883,0.12224,0.00218,2e-05,0.09712,,21.14,18.73,0.01,0.22,11.97,0.0,,,,No,No,Yes,Yes,No,No,,,,K series,K series,K series,K series,K series,K series,Kα,,,,Springwater_12,0.8241452972419079
99,Jhyp1_4,100.5453,100.5453,1.0655,1.3538,0.6965,14.7759,27.0426,0.4909,,55.12,,0.0416,0.0305,0.038,0.0965,0.1009,0.0387,,0.1497,,1.0597223935105802,1.3464591049597592,0.6927232727171461,14.695778614991067,26.89596320858678,0.48823812573847386,0.0,54.82111527949618,0.0,0.5639,0.9676,0.4765,11.4855,16.3097,0.3802,,44.5962,25.7656,,0.022,0.0218,0.026,0.075,0.0609,0.03,,0.07,,0.4502,0.52,0.1974,4.43,14.4503,0.1491,,60.0423,19.7607,,,0.622,0.954,0.86,0.923,0.79,0.822,,1.118,,Al2O3,CaO,Cr2O3,FeO,MgO,MnO,,SiO2,,EDS,EDS,EDS,EDS,EDS,EDS,,EDS,,Al2O3,Wollastonite,Cr,Fayalite,Forsterite,Mn,,Forsterite,,45451.722604166665,2024-06-08 17:20:18,,45451.72247685185,0.00252,0.00825,0.0041,0.09639,0.07448,0.00313,,0.14938,,12.88,28.81,0.92,0.31,10.6,,0.35,,0.41,No,No,Yes,Yes,No,,Yes,,Yes,K series,K series,K series,K series,K series,K series,,K series,,K series,Jhyp1_4,0.7653884621869994
100,Springwater_13,99.7272,99.7272,,0.0163,,16.6275,43.3964,0.2551,-0.0006,39.4325,,,0.0207,,0.0944,0.1155,0.0336,0.0072,0.1265,,0.0,0.016344489700966025,0.0,16.67288358912961,43.51484741466271,0.2557962774672659,0.0,39.54012822903944,0.0,,0.0116,,12.9248,26.1729,0.1975,-0.0005,41.9883,18.4326,,,0.0148,,0.0734,0.0697,0.026,0.0056,0.0591,,,0.0063,,5.0393,23.4409,0.0783,-0.0002,57.1451,14.2902,,98.847,,0.959,,0.928,0.802,0.826,0.878,1.01,,,CaO,,FeO,MgO,MnO,NiO,SiO2,,,EDS,,EDS,EDS,EDS,WDS,EDS,,,Wollastonite,,Fayalite,Forsterite,Mn,UCB Standard Block 2 - NiO,Forsterite,,2024-06-08 17:20:33,2024-06-08 17:20:18,2024-06-08 10:44:59,2024-06-08 17:20:22,,0.0001,,0.109,0.12147,0.00163,0.0,0.09652,,21.01,18.62,0.01,0.16,11.99,0.0,,,,No,No,Yes,Yes,No,No,,,,K series,K series,K series,K series,K series,K series,Kα,,,,Springwater_13,0.8230798902726957
